Gene,Transcript,Localization_1,Localization_2,Localization_3,Localization_4,Localization_5
1700017B05Rik,ENSMUST00000034846.7,nucleoplasm,nucleus,,,
1700017B05Rik,ENSMUST00000213199.2,extracellular,nucleoplasm,nucleus,,
1700017B05Rik,ENSMUST00000214583.2,nucleus,,,,
1700017B05Rik,ENSMUST00000215298.2,nucleus,,,,
1700017B05Rik,ENSMUST00000215426.2,nucleus,,,,
2510009E07Rik,ENSMUST00000053336.8,cytoplasm,nucleus,,,
2510009E07Rik,ENSMUST00000231592.2,nucleus,,,,
2510009E07Rik,ENSMUST00000232634.2,nucleus,,,,
4931406C07Rik,ENSMUST00000178977.9,nucleoplasm,nucleus,,,
4931406C07Rik,ENSMUST00000180339.8,nucleoplasm,nucleus,,,
4931406C07Rik,ENSMUST00000215741.2,nucleus,,,,
4931406C07Rik,ENSMUST00000216077.2,nucleus,,,,
4931406C07Rik,ENSMUST00000217042.2,chromatin,,,,
AI506816,ENSMUST00000197153.4,nucleus,,,,
AI506816,ENSMUST00000199941.6,nucleus,,,,
AI506816,ENSMUST00000244629.1,nucleus,,,,
AI506816,ENSMUST00000267516.1,extracellular,nucleus,,,
Abca3,ENSMUST00000039013.15,nucleoplasm,,,,
Abca3,ENSMUST00000079594.12,nucleoplasm,,,,
Abca3,ENSMUST00000117337.2,nucleoplasm,,,,
Abca3,ENSMUST00000133816.8,nucleoplasm,nucleus,,,
Abca3,ENSMUST00000136295.2,extracellular,nucleus,,,
Acad10,ENSMUST00000031412.12,nucleus,,,,
Acad10,ENSMUST00000111770.2,nucleoplasm,nucleus,,,
Acad10,ENSMUST00000133775.8,nucleus,,,,
Acad10,ENSMUST00000137789.8,nucleus,,,,
Adam12,ENSMUST00000067680.11,chromatin,extracellular,nucleoplasm,nucleus,
Adam12,ENSMUST00000138363.2,nucleus,,,,
Adam12,ENSMUST00000154144.2,nucleus,,,,
Adamts12,ENSMUST00000061318.9,chromatin,nucleus,,,
Adamts12,ENSMUST00000227189.2,nucleus,,,,
Adamts12,ENSMUST00000228940.2,nucleus,,,,
Adk,ENSMUST00000045376.11,chromatin,nucleus,,,
Adk,ENSMUST00000223861.2,chromatin,extracellular,nucleus,,
Adk,ENSMUST00000224069.2,nucleus,,,,
Afap1,ENSMUST00000064571.11,chromatin,nucleoplasm,nucleus,,
Afap1,ENSMUST00000146300.2,chromatin,nucleus,,,
Afap1,ENSMUST00000201482.2,nucleoplasm,nucleus,,,
Afap1l2,ENSMUST00000111584.9,nucleus,,,,
Afap1l2,ENSMUST00000118800.8,nucleus,,,,
Afap1l2,ENSMUST00000122359.8,nucleus,,,,
Afap1l2,ENSMUST00000132851.2,extracellular,,,,
Agap1,ENSMUST00000027521.15,chromatin,nucleoplasm,nucleus,,
Agap1,ENSMUST00000074945.8,chromatin,nucleoplasm,nucleus,,
Agap1,ENSMUST00000185417.2,nucleus,,,,
Agap1,ENSMUST00000190096.7,nucleoplasm,nucleus,,,
Agrn,ENSMUST00000071248.12,chromatin,nucleoplasm,nucleus,,
Agrn,ENSMUST00000105574.9,chromatin,nucleoplasm,nucleus,,
Agrn,ENSMUST00000105575.9,chromatin,nucleoplasm,nucleus,,
Agrn,ENSMUST00000154494.8,nucleus,,,,
Agrn,ENSMUST00000180572.2,chromatin,nucleoplasm,nucleus,,
Agrn,ENSMUST00000181062.8,nucleus,,,,
Ahnak,ENSMUST00000092956.4,nucleus,,,,
Ahnak,ENSMUST00000236390.2,chromatin,,,,
Ahnak,ENSMUST00000237033.2,nucleus,,,,
Akap12,ENSMUST00000045730.7,chromatin,nucleus,,,
Akap12,ENSMUST00000215696.2,nucleus,,,,
Akap12,ENSMUST00000216139.3,chromatin,nucleus,,,
Akap12,ENSMUST00000239373.2,chromatin,nucleus,,,
Akap13,ENSMUST00000166315.7,chromatin,nucleoplasm,nucleus,,
Akap13,ENSMUST00000207750.2,chromatin,nucleoplasm,nucleus,,
Akap13,ENSMUST00000207751.2,nucleus,,,,
Akap13,ENSMUST00000208248.2,chromatin,nucleus,,,
Ampd3,ENSMUST00000005829.13,chromatin,nucleus,,,
Ampd3,ENSMUST00000143786.2,nucleus,,,,
Ampd3,ENSMUST00000170374.8,chromatin,nucleoplasm,nucleus,,
Ampd3,ENSMUST00000213373.2,chromatin,nucleoplasm,nucleus,,
Ap2a2,ENSMUST00000003038.12,chromatin,nucleoplasm,nucleus,,
Ap2a2,ENSMUST00000201320.2,nucleoplasm,nucleus,,,
Ap3d1,ENSMUST00000020420.9,chromatin,nucleoplasm,,,
Ap3d1,ENSMUST00000218125.2,nucleus,,,,
Ap4m1,ENSMUST00000019662.11,chromatin,nucleus,,,
Ap4m1,ENSMUST00000143241.8,nucleus,,,,
Ap4m1,ENSMUST00000157031.2,nucleus,,,,
App,ENSMUST00000005406.12,chromatin,,,,
App,ENSMUST00000226232.2,chromatin,,,,
App,ENSMUST00000226801.2,chromatin,,,,
App,ENSMUST00000227021.2,chromatin,,,,
App,ENSMUST00000227723.2,chromatin,nucleus,,,
App,ENSMUST00000227737.2,chromatin,,,,
App,ENSMUST00000227990.2,chromatin,,,,
App,ENSMUST00000228509.2,nucleus,,,,
Aqr,ENSMUST00000043160.13,chromatin,nucleus,,,
Aqr,ENSMUST00000102543.5,chromatin,nucleus,,,
Aqr,ENSMUST00000125460.8,nucleus,,,,
Aqr,ENSMUST00000129504.8,nucleus,,,,
Aqr,ENSMUST00000131785.8,chromatin,nucleus,,,
Aqr,ENSMUST00000147191.8,nucleus,,,,
Aqr,ENSMUST00000154317.2,nucleus,,,,
Arhgap31,ENSMUST00000023487.5,chromatin,nucleoplasm,nucleus,,
Arhgap31,ENSMUST00000132697.2,extracellular,,,,
Arhgef28,ENSMUST00000109426.3,extracellular,nucleoplasm,nucleus,,
Arhgef28,ENSMUST00000223849.2,extracellular,,,,
Arhgef28,ENSMUST00000225663.2,extracellular,nucleoplasm,nucleus,,
Arhgef28,ENSMUST00000225884.2,extracellular,nucleoplasm,nucleus,,
Arhgef28,ENSMUST00000238746.2,nucleus,,,,
Arhgef7,ENSMUST00000033908.14,chromatin,nucleus,,,
Arhgef7,ENSMUST00000074856.13,chromatin,nucleus,,,
Arhgef7,ENSMUST00000098938.9,chromatin,nucleus,,,
Arhgef7,ENSMUST00000110904.2,nucleus,,,,
Arhgef7,ENSMUST00000110909.9,chromatin,nucleoplasm,nucleus,,
Arhgef7,ENSMUST00000209686.2,nucleus,,,,
Arhgef7,ENSMUST00000210104.2,nucleus,,,,
Arhgef7,ENSMUST00000210287.2,extracellular,,,,
Arid5b,ENSMUST00000020106.9,nucleus,,,,
Arid5b,ENSMUST00000218532.2,nucleus,,,,
Arid5b,ENSMUST00000219238.2,chromatin,cytoplasm,nucleoplasm,nucleus,
Arnt2,ENSMUST00000085077.5,chromatin,nucleoplasm,nucleus,,
Arnt2,ENSMUST00000208232.2,nucleus,,,,
Arnt2,ENSMUST00000209133.2,chromatin,nucleus,,,
Arpc1b,ENSMUST00000085679.13,extracellular,nucleus,,,
Arpc1b,ENSMUST00000144375.2,extracellular,,,,
Asph,ENSMUST00000038564.13,nucleus,,,,
Asph,ENSMUST00000078139.13,chromatin,nucleus,,,
Asph,ENSMUST00000084915.11,chromatin,extracellular,nucleus,,
Asph,ENSMUST00000098275.9,nucleus,,,,
Asph,ENSMUST00000108333.8,extracellular,,,,
Asph,ENSMUST00000108334.8,extracellular,,,,
Asph,ENSMUST00000108335.8,extracellular,,,,
Asph,ENSMUST00000108337.8,chromatin,extracellular,nucleus,,
Asph,ENSMUST00000108339.8,chromatin,nucleoplasm,nucleus,,
Asph,ENSMUST00000108340.9,chromatin,nucleus,,,
Asph,ENSMUST00000124408.2,extracellular,,,,
Asph,ENSMUST00000146441.8,nucleus,,,,
Atad2,ENSMUST00000038194.5,extracellular,,,,
Atad2,ENSMUST00000226507.2,nucleus,,,,
Atad2,ENSMUST00000226526.2,nucleus,,,,
Atad2,ENSMUST00000226649.2,extracellular,,,,
Atad2,ENSMUST00000227171.2,nucleus,,,,
Atg16l1,ENSMUST00000027512.13,chromatin,nucleus,,,
Atg16l1,ENSMUST00000113186.8,chromatin,nucleus,,,
Atg16l1,ENSMUST00000113190.3,chromatin,nucleus,,,
Atg16l1,ENSMUST00000127884.2,extracellular,,,,
Atg16l1,ENSMUST00000133072.8,nucleus,,,,
Atg16l1,ENSMUST00000134603.2,nucleus,,,,
Atg16l1,ENSMUST00000137638.8,nucleus,,,,
Atg16l1,ENSMUST00000151037.8,chromatin,nucleus,,,
Atl1,ENSMUST00000021466.10,nucleoplasm,,,,
Atl1,ENSMUST00000222141.2,chromatin,nucleus,,,
Atp13a2,ENSMUST00000037055.14,nucleus,,,,
Atp13a2,ENSMUST00000125797.8,nucleus,,,,
Atp13a2,ENSMUST00000127833.3,chromatin,nucleus,,,
Atp13a2,ENSMUST00000137630.3,nucleus,,,,
Atp13a2,ENSMUST00000151517.8,chromatin,nucleus,,,
Atp13a2,ENSMUST00000156995.8,nucleus,,,,
Atp13a2,ENSMUST00000168047.8,nucleus,,,,
Atp1a2,ENSMUST00000085913.11,nucleoplasm,nucleus,,,
Atp1a2,ENSMUST00000131751.7,nucleoplasm,,,,
Atp5mf,ENSMUST00000162360.8,nucleus,,,,
Atp5mf,ENSMUST00000200584.2,extracellular,nucleus,,,
Atp6v0a1,ENSMUST00000044721.13,nucleoplasm,nucleus,,,
Atp6v0a1,ENSMUST00000092663.4,nucleus,,,,
Atp6v0a1,ENSMUST00000154896.8,nucleoplasm,,,,
Atp6v1b2,ENSMUST00000006435.8,nucleoplasm,,,,
Atp6v1b2,ENSMUST00000153079.8,nucleus,,,,
Axl,ENSMUST00000002677.11,chromatin,nucleus,,,
Axl,ENSMUST00000085948.11,nucleus,,,,
Axl,ENSMUST00000132989.8,chromatin,nucleus,,,
Bcas3,ENSMUST00000092822.5,mitochondrion,nucleoplasm,nucleus,,
Bcas3,ENSMUST00000108056.8,nucleus,,,,
Bcas3,ENSMUST00000108061.8,mitochondrion,nucleoplasm,nucleus,,
Bcas3,ENSMUST00000108062.8,mitochondrion,nucleoplasm,nucleus,,
Bcas3,ENSMUST00000130343.8,nucleus,,,,
Bcas3,ENSMUST00000142596.8,mitochondrion,nucleoplasm,nucleus,,
Bcas3,ENSMUST00000145281.2,nucleus,,,,
Bcas3,ENSMUST00000154396.8,mitochondrion,nucleoplasm,nucleus,,
Bcat1,ENSMUST00000032402.12,chromatin,nucleus,,,
Bcat1,ENSMUST00000111742.8,nucleus,,,,
Bcr,ENSMUST00000164107.3,chromatin,nucleoplasm,nucleus,,
Bcr,ENSMUST00000218465.2,chromatin,,,,
Bgn,ENSMUST00000033741.15,chromatin,nucleus,,,
Bgn,ENSMUST00000130873.3,nucleus,,,,
Bgn,ENSMUST00000140803.2,nucleus,,,,
Blcap,ENSMUST00000088494.3,nucleoplasm,nucleus,,,
Blcap,ENSMUST00000109528.9,chromatin,nucleoplasm,nucleus,,
Bmpr1b,ENSMUST00000029948.15,chromatin,nucleus,,,
Bmpr1b,ENSMUST00000098568.8,nucleus,,,,
Bmpr1b,ENSMUST00000106230.2,nucleus,,,,
Bmpr1b,ENSMUST00000106232.8,nucleus,,,,
Bmpr1b,ENSMUST00000131273.8,nucleus,,,,
Cacna1h,ENSMUST00000159048.9,chromatin,nucleoplasm,nucleus,,
Cacna1h,ENSMUST00000159052.3,nucleus,,,,
Cacna1h,ENSMUST00000159331.3,chromatin,nucleoplasm,nucleus,,
Cacna1h,ENSMUST00000159610.8,nucleoplasm,nucleus,,,
Cacna1h,ENSMUST00000159623.3,chromatin,nucleoplasm,nucleus,,
Cacna1h,ENSMUST00000161035.3,chromatin,nucleoplasm,nucleus,,
Cacna1h,ENSMUST00000249750.1,nucleoplasm,nucleus,,,
Cacna1h,ENSMUST00000249751.1,nucleoplasm,nucleus,,,
Cacna1h,ENSMUST00000249752.1,nucleoplasm,nucleus,,,
Cacna1h,ENSMUST00000249753.1,nucleoplasm,nucleus,,,
Cacnb3,ENSMUST00000003442.9,nucleoplasm,nucleus,,,
Cacnb3,ENSMUST00000109150.9,nucleus,,,,
Cacnb3,ENSMUST00000230064.2,nucleus,,,,
Cacnb3,ENSMUST00000230490.2,nucleus,,,,
Camk2b,ENSMUST00000002817.12,nucleus,,,,
Camk2b,ENSMUST00000019133.11,nucleoplasm,nucleus,,,
Camk2b,ENSMUST00000090443.10,nucleus,,,,
Camk2b,ENSMUST00000093355.12,nucleus,,,,
Camk2b,ENSMUST00000109813.9,nucleus,,,,
Camk2b,ENSMUST00000129098.2,chromatin,cytoplasm,extracellular,nucleus,
Camk2b,ENSMUST00000155755.2,nucleus,,,,
Camta1,ENSMUST00000049790.14,nucleoplasm,nucleus,,,
Camta1,ENSMUST00000097774.9,nucleus,,,,
Camta1,ENSMUST00000105668.8,nucleoplasm,nucleus,,,
Camta1,ENSMUST00000105670.8,chromatin,nucleoplasm,nucleus,,
Camta1,ENSMUST00000131948.2,nucleus,,,,
Camta1,ENSMUST00000140030.8,nucleus,,,,
Camta1,ENSMUST00000143434.2,nucleus,,,,
Camta1,ENSMUST00000153938.3,nucleoplasm,nucleus,,,
Camta1,ENSMUST00000185034.8,chromatin,,,,
Capzb,ENSMUST00000030518.16,nucleus,,,,
Capzb,ENSMUST00000042675.9,nucleus,,,,
Capzb,ENSMUST00000102507.10,chromatin,nucleus,,,
Capzb,ENSMUST00000102508.10,nucleus,,,,
Capzb,ENSMUST00000132385.2,nucleus,,,,
Capzb,ENSMUST00000150077.2,nucleus,,,,
Capzb,ENSMUST00000156760.2,nucleus,,,,
Car12,ENSMUST00000071889.13,ER,nucleus,,,
Car12,ENSMUST00000085420.12,nucleus,,,,
Car12,ENSMUST00000217394.2,nucleus,,,,
Ccng2,ENSMUST00000031331.13,nucleus,,,,
Ccng2,ENSMUST00000130183.8,chromatin,nucleus,,,
Ccng2,ENSMUST00000153260.8,nucleus,,,,
Cdk2,ENSMUST00000219047.2,nucleus,,,,
Cdk2,ENSMUST00000219099.2,chromatin,,,,
Celf3,ENSMUST00000029784.10,nucleus,,,,
Celf3,ENSMUST00000197558.5,nucleoplasm,nucleus,,,
Celf3,ENSMUST00000197699.5,nucleus,,,,
Celf3,ENSMUST00000198316.5,chromatin,nucleoplasm,nucleus,,
Celf3,ENSMUST00000198796.5,nucleus,,,,
Celf3,ENSMUST00000199148.5,nucleus,,,,
Celf3,ENSMUST00000199159.5,nucleus,,,,
Celf3,ENSMUST00000199775.5,nucleoplasm,nucleus,,,
Celf3,ENSMUST00000200342.5,nucleoplasm,nucleus,,,
Cemip2,ENSMUST00000025663.8,chromatin,cytoplasm,nucleus,,
Cemip2,ENSMUST00000096194.9,chromatin,nucleus,,,
Cemip2,ENSMUST00000236506.2,nucleus,,,,
Cemip2,ENSMUST00000237802.2,nucleus,,,,
Cemip2,ENSMUST00000238079.2,cytoplasm,nucleus,,,
Cenpi,ENSMUST00000081064.12,chromatin,,,,
Cenpi,ENSMUST00000101251.8,chromatin,,,,
Cenpi,ENSMUST00000144678.2,nucleus,,,,
Cers6,ENSMUST00000028426.9,chromatin,nucleus,,,
Cers6,ENSMUST00000183755.2,nucleus,,,,
Chd3,ENSMUST00000092971.13,nucleoplasm,nucleus,,,
Chd3,ENSMUST00000108661.8,nucleoplasm,nucleus,,,
Chd3,ENSMUST00000122992.2,nucleus,,,,
Chd3,ENSMUST00000135909.8,nucleus,,,,
Chd3,ENSMUST00000154046.8,nucleus,,,,
Chd3,ENSMUST00000238797.2,nucleus,,,,
Chd7,ENSMUST00000039267.10,nucleoplasm,nucleus,,,
Chd7,ENSMUST00000051558.10,chromatin,nucleus,,,
Chd7,ENSMUST00000127476.8,nucleus,,,,
Chd7,ENSMUST00000170391.2,nucleus,,,,
Chd7,ENSMUST00000170457.2,nucleus,,,,
Chrdl1,ENSMUST00000063029.13,nucleus,,,,
Chrdl1,ENSMUST00000074660.12,nucleus,,,,
Chrdl1,ENSMUST00000112878.9,ER,nucleus,,,
Cic,ENSMUST00000005578.13,extracellular,nucleus,,,
Cic,ENSMUST00000163320.8,extracellular,nucleoplasm,nucleus,,
Cic,ENSMUST00000167162.2,nucleus,,,,
Cic,ENSMUST00000167379.2,extracellular,nucleoplasm,nucleus,,
Cic,ENSMUST00000169266.8,extracellular,nucleus,,,
Cic,ENSMUST00000169392.2,nucleus,,,,
Cic,ENSMUST00000169743.2,nucleus,,,,
Cic,ENSMUST00000170500.2,extracellular,nucleus,,,
Clcn4,ENSMUST00000000619.8,nucleus,,,,
Clcn4,ENSMUST00000210444.2,chromatin,nucleus,,,
Clcn4,ENSMUST00000210594.2,nucleus,,,,
Clcn4,ENSMUST00000210809.2,nucleus,,,,
Clcn4,ENSMUST00000210989.2,nucleus,,,,
Clcn4,ENSMUST00000211551.2,nucleus,,,,
Clpb,ENSMUST00000001884.14,nucleoplasm,,,,
Clpb,ENSMUST00000106998.8,nucleoplasm,,,,
Clpb,ENSMUST00000142803.8,nucleus,,,,
Clpb,ENSMUST00000209579.2,chromatin,nucleoplasm,nucleus,,
Cnp,ENSMUST00000103120.5,nucleus,,,,
Cnp,ENSMUST00000150414.8,nucleoplasm,nucleus,,,
Cntfr,ENSMUST00000064443.13,nucleus,,,,
Cntfr,ENSMUST00000102961.10,chromatin,extracellular,nucleus,,
Cntfr,ENSMUST00000102962.10,chromatin,extracellular,nucleus,,
Cntfr,ENSMUST00000145379.2,nucleus,,,,
Cntfr,ENSMUST00000151181.2,extracellular,,,,
Col14a1,ENSMUST00000023053.12,chromatin,nucleoplasm,nucleus,,
Col14a1,ENSMUST00000110221.10,chromatin,nucleoplasm,nucleus,,
Col14a1,ENSMUST00000125416.2,nucleus,,,,
Col15a1,ENSMUST00000082303.13,chromatin,cytoplasm,nucleoplasm,nucleus,
Col15a1,ENSMUST00000102917.11,chromatin,cytoplasm,nucleoplasm,nucleus,
Col15a1,ENSMUST00000107731.9,nucleoplasm,nucleus,,,
Col18a1,ENSMUST00000072755.12,extracellular,,,,
Col18a1,ENSMUST00000081654.13,extracellular,nucleoplasm,,,
Col18a1,ENSMUST00000105409.8,extracellular,nucleoplasm,,,
Col18a1,ENSMUST00000156009.2,extracellular,,,,
Col26a1,ENSMUST00000057497.13,nucleoplasm,nucleus,,,
Col26a1,ENSMUST00000111103.2,nucleoplasm,nucleus,,,
Col26a1,ENSMUST00000156962.9,nucleus,,,,
Col26a1,ENSMUST00000196053.2,chromatin,nucleus,,,
Col27a1,ENSMUST00000036300.13,nucleus,,,,
Col27a1,ENSMUST00000125504.8,nucleus,,,,
Col27a1,ENSMUST00000148751.2,nucleoplasm,nucleus,,,
Col27a1,ENSMUST00000149856.2,nucleus,,,,
Col2a1,ENSMUST00000023123.15,chromatin,nucleoplasm,nucleus,,
Col2a1,ENSMUST00000088355.12,nucleus,,,,
Col2a1,ENSMUST00000140064.2,nucleus,,,,
Col2a1,ENSMUST00000230148.2,chromatin,nucleoplasm,nucleus,,
Col4a1,ENSMUST00000033898.10,nucleoplasm,nucleus,,,
Col4a1,ENSMUST00000130488.3,nucleus,,,,
Col4a1,ENSMUST00000209598.2,nucleus,,,,
Col4a1,ENSMUST00000209735.2,nucleoplasm,nucleus,,,
Col9a3,ENSMUST00000103059.2,extracellular,nucleoplasm,,,
Col9a3,ENSMUST00000129090.2,extracellular,,,,
Col9a3,ENSMUST00000132527.9,extracellular,nucleus,,,
Cop1,ENSMUST00000076894.11,chromatin,nucleoplasm,nucleus,,
Cop1,ENSMUST00000192215.6,nucleus,,,,
Cop1,ENSMUST00000192597.2,chromatin,nucleoplasm,nucleus,,
Cop1,ENSMUST00000194713.2,extracellular,nucleus,,,
Coq8b,ENSMUST00000003860.13,nucleoplasm,nucleus,,,
Coq8b,ENSMUST00000108378.10,nucleus,,,,
Coq8b,ENSMUST00000123012.8,nucleus,,,,
Coq8b,ENSMUST00000128090.8,nucleoplasm,nucleus,,,
Cracd,ENSMUST00000086909.5,nucleus,,,,
Cracd,ENSMUST00000120639.9,nucleus,,,,
Cracd,ENSMUST00000121160.8,chromatin,nucleus,,,
Cracd,ENSMUST00000121851.2,nucleus,,,,
Cracd,ENSMUST00000125922.8,nucleus,,,,
Cracd,ENSMUST00000128112.8,nucleus,,,,
Cracd,ENSMUST00000187287.2,nucleus,,,,
Cracd,ENSMUST00000238963.2,chromatin,nucleus,,,
Creb5,ENSMUST00000203528.3,nucleoplasm,nucleus,,,
Creb5,ENSMUST00000203575.3,nucleus,,,,
Creb5,ENSMUST00000204136.2,nucleus,,,,
Creb5,ENSMUST00000204245.3,chromatin,nucleus,,,
Creb5,ENSMUST00000205120.3,chromatin,nucleoplasm,nucleus,,
Creb5,ENSMUST00000205222.3,nucleus,,,,
Cry2,ENSMUST00000090559.12,chromatin,nucleus,,,
Cry2,ENSMUST00000111278.2,nucleus,,,,
Csnk1d,ENSMUST00000018274.10,chromatin,nucleoplasm,nucleus,,
Csnk1d,ENSMUST00000070575.14,chromatin,nucleus,,,
Csnk1d,ENSMUST00000141071.2,nucleus,,,,
Csnk1d,ENSMUST00000239115.2,nucleus,,,,
Csnk1g1,ENSMUST00000034949.10,nucleus,,,,
Csnk1g1,ENSMUST00000117849.3,nucleus,,,,
Csnk1g1,ENSMUST00000124688.8,nucleus,,,,
Csnk1g1,ENSMUST00000146069.8,chromatin,,,,
Csnk1g1,ENSMUST00000205379.2,nucleus,,,,
Ctdsp2,ENSMUST00000105255.3,nucleus,,,,
Ctdsp2,ENSMUST00000105256.10,chromatin,nucleoplasm,nucleus,,
Ctnna2,ENSMUST00000159626.8,nucleus,,,,
Ctnna2,ENSMUST00000160252.2,nucleus,,,,
Ctnna2,ENSMUST00000160894.8,nucleoplasm,nucleus,,,
Ctnna2,ENSMUST00000161846.8,nucleoplasm,nucleus,,,
Ctnna2,ENSMUST00000162273.2,nucleus,,,,
Ctnnd2,ENSMUST00000081728.7,chromatin,nucleus,,,
Ctnnd2,ENSMUST00000226119.2,nucleus,,,,
Ctnnd2,ENSMUST00000227857.2,nucleus,,,,
Ctnnd2,ENSMUST00000228753.2,nucleus,,,,
Ctnnd2,ENSMUST00000228827.2,nucleus,,,,
Cwc22,ENSMUST00000065889.10,nucleus,,,,
Cwc22,ENSMUST00000111818.8,nucleus,,,,
Cwc22,ENSMUST00000111819.8,chromatin,nucleus,,,
Cwc22,ENSMUST00000111821.9,nucleus,,,,
Cwc22,ENSMUST00000111824.8,nucleus,,,,
Cwc22,ENSMUST00000127351.8,nucleus,,,,
Cwc22,ENSMUST00000144727.8,chromatin,nucleus,,,
Cyfip2,ENSMUST00000093165.12,chromatin,nucleus,,,
Cyfip2,ENSMUST00000093166.11,chromatin,nucleus,,,
Cyfip2,ENSMUST00000142017.2,nucleus,,,,
Cyfip2,ENSMUST00000165599.9,chromatin,nucleus,,,
Cyth3,ENSMUST00000116456.10,chromatin,nucleus,,,
Cyth3,ENSMUST00000198355.2,nucleus,,,,
Daam1,ENSMUST00000085299.4,chromatin,extracellular,nucleoplasm,nucleus,
Daam1,ENSMUST00000221317.2,extracellular,nucleus,,,
Daam1,ENSMUST00000222327.2,nucleus,,,,
Daam1,ENSMUST00000223272.2,extracellular,nucleus,,,
Dbp,ENSMUST00000080885.12,nucleoplasm,nucleus,,,
Dbp,ENSMUST00000211748.2,nucleus,,,,
Ddx27,ENSMUST00000018143.16,chromatin,nucleus,,,
Ddx27,ENSMUST00000150571.2,nucleus,,,,
Dennd6a,ENSMUST00000037585.9,chromatin,extracellular,nucleus,,
Dennd6a,ENSMUST00000203874.3,chromatin,nucleus,,,
Dennd6a,ENSMUST00000225206.2,nucleus,,,,
Dennd6b,ENSMUST00000078953.9,nucleus,,,,
Dennd6b,ENSMUST00000229416.2,nucleus,,,,
Dennd6b,ENSMUST00000229755.2,chromatin,nucleus,,,
Dennd6b,ENSMUST00000229935.2,chromatin,nucleus,,,
Dennd6b,ENSMUST00000230111.2,nucleus,,,,
Dennd6b,ENSMUST00000230823.2,nucleus,,,,
Dgkh,ENSMUST00000074729.6,nucleus,,,,
Dgkh,ENSMUST00000226342.3,chromatin,nucleoplasm,nucleus,,
Dgkh,ENSMUST00000227537.2,nucleus,,,,
Dgkh,ENSMUST00000227767.2,nucleus,,,,
Dgkh,ENSMUST00000228362.2,nucleus,,,,
Diaph3,ENSMUST00000168889.3,chromatin,nucleus,,,
Diaph3,ENSMUST00000226134.2,nucleus,,,,
Diaph3,ENSMUST00000226492.2,nucleus,,,,
Diaph3,ENSMUST00000227666.2,nucleus,,,,
Diaph3,ENSMUST00000228000.2,nucleus,,,,
Dixdc1,ENSMUST00000117093.2,nucleus,,,,
Dixdc1,ENSMUST00000117646.8,nucleoplasm,nucleus,,,
Dixdc1,ENSMUST00000118707.2,nucleus,,,,
Dixdc1,ENSMUST00000121634.8,nucleoplasm,,,,
Dixdc1,ENSMUST00000141919.8,chromatin,nucleoplasm,nucleus,,
Dlg4,ENSMUST00000108588.9,chromatin,nucleoplasm,nucleus,,
Dlg4,ENSMUST00000108589.10,chromatin,nucleoplasm,nucleus,,
Dlg4,ENSMUST00000134376.10,nucleus,,,,
Dlg4,ENSMUST00000138004.3,nucleus,,,,
Dlg4,ENSMUST00000231221.2,chromatin,extracellular,nucleus,,
Dlg4,ENSMUST00000231415.2,chromatin,nucleoplasm,nucleus,,
Dlg4,ENSMUST00000231452.2,nucleus,,,,
Dlg4,ENSMUST00000231506.2,nucleus,,,,
Dlg4,ENSMUST00000231628.2,nucleus,,,,
Dlk1,ENSMUST00000056110.15,nucleus,,,,
Dlk1,ENSMUST00000109841.9,nucleus,,,,
Dlk1,ENSMUST00000109843.8,nucleoplasm,nucleus,,,
Dlk1,ENSMUST00000109844.11,nucleus,,,,
Dlk1,ENSMUST00000109846.11,nucleoplasm,nucleus,,,
Dlk1,ENSMUST00000124293.3,nucleus,,,,
Dlk1,ENSMUST00000173539.8,nucleoplasm,nucleus,,,
Dlk1,ENSMUST00000174539.2,nucleus,,,,
Dll1,ENSMUST00000014917.8,chromatin,,,,
Dll1,ENSMUST00000124196.2,nucleoplasm,nucleus,,,
Dmxl2,ENSMUST00000118163.8,chromatin,extracellular,,,
Dmxl2,ENSMUST00000118600.8,chromatin,extracellular,,,
Dmxl2,ENSMUST00000123709.8,extracellular,,,,
Dmxl2,ENSMUST00000149709.2,chromatin,,,,
Dock10,ENSMUST00000077946.12,chromatin,,,,
Dock10,ENSMUST00000191505.2,nucleus,,,,
Dpy19l1,ENSMUST00000142064.8,nucleus,,,,
Dpy19l1,ENSMUST00000170356.2,chromatin,nucleus,,,
Dpysl4,ENSMUST00000026551.15,nucleoplasm,nucleus,,,
Dpysl4,ENSMUST00000122844.8,nucleus,,,,
Dpysl4,ENSMUST00000154273.8,nucleus,,,,
Dpysl5,ENSMUST00000088081.11,nucleoplasm,nucleus,,,
Dpysl5,ENSMUST00000101442.4,nucleus,,,,
Dpysl5,ENSMUST00000114729.8,chromatin,nucleoplasm,nucleus,,
Dpysl5,ENSMUST00000127365.2,nucleus,,,,
Dtl,ENSMUST00000027933.11,chromatin,nucleus,,,
Dtl,ENSMUST00000192014.2,extracellular,nucleus,,,
Dtl,ENSMUST00000193977.6,chromatin,,,,
Dtl,ENSMUST00000195650.6,chromatin,nucleus,,,
Dtl,ENSMUST00000195765.6,nucleus,,,,
Dtnbp1,ENSMUST00000072329.15,chromatin,nucleus,,,
Dtnbp1,ENSMUST00000220555.2,chromatin,,,,
Dtnbp1,ENSMUST00000222805.2,chromatin,nucleus,,,
Ebf2,ENSMUST00000022637.14,nucleus,,,,
Ebf2,ENSMUST00000176029.2,cytoplasm,,,,
Ebf2,ENSMUST00000176161.8,nucleus,,,,
Ecpas,ENSMUST00000102889.10,nucleus,,,,
Ecpas,ENSMUST00000107557.9,chromatin,nucleus,,,
Ecpas,ENSMUST00000149301.8,nucleus,,,,
Eef1d,ENSMUST00000055220.7,nucleoplasm,,,,
Eef1d,ENSMUST00000089681.12,nucleus,,,,
Eef1d,ENSMUST00000109972.9,nucleus,,,,
Eef1d,ENSMUST00000116440.9,nucleus,,,,
Eef1d,ENSMUST00000134222.2,nucleus,,,,
Eef1d,ENSMUST00000137426.8,nucleus,,,,
Eef1d,ENSMUST00000151066.8,nucleus,,,,
Eef1d,ENSMUST00000154584.9,nucleus,,,,
Eeig2,ENSMUST00000046924.10,chromatin,,,,
Eeig2,ENSMUST00000171143.2,nucleus,,,,
Egflam,ENSMUST00000058593.10,chromatin,nucleus,,,
Egflam,ENSMUST00000096494.5,chromatin,nucleoplasm,nucleus,,
Egflam,ENSMUST00000160207.8,chromatin,nucleoplasm,nucleus,,
Egflam,ENSMUST00000160314.2,nucleus,,,,
Eif5a,ENSMUST00000043419.10,nucleus,,,,
Eif5a,ENSMUST00000070996.11,nucleus,,,,
Eif5a,ENSMUST00000108610.8,nucleus,,,,
Eif5a,ENSMUST00000108611.8,nucleus,,,,
Eif5a,ENSMUST00000108612.8,nucleus,,,,
Eif5a,ENSMUST00000108613.10,nucleus,,,,
Eif5a,ENSMUST00000164359.8,nucleoplasm,nucleus,,,
Elavl2,ENSMUST00000008633.15,nucleus,,,,
Elavl2,ENSMUST00000102799.10,nucleus,,,,
Elavl2,ENSMUST00000107110.8,nucleus,,,,
Elavl2,ENSMUST00000107111.9,chromatin,,,,
Elavl2,ENSMUST00000107118.8,nucleus,,,,
Elavl2,ENSMUST00000107120.8,nucleus,,,,
Elavl2,ENSMUST00000107124.10,chromatin,nucleus,,,
Elavl2,ENSMUST00000176151.2,nucleus,,,,
Elavl2,ENSMUST00000176362.2,nucleus,,,,
Elavl4,ENSMUST00000102723.11,nucleus,,,,
Elavl4,ENSMUST00000106597.10,chromatin,nucleus,,,
Elavl4,ENSMUST00000106598.8,nucleus,,,,
Elavl4,ENSMUST00000106600.9,chromatin,nucleus,,,
Elavl4,ENSMUST00000106601.8,nucleus,,,,
Elavl4,ENSMUST00000106603.9,chromatin,nucleus,,,
Elmo1,ENSMUST00000072519.7,nucleus,,,,
Elmo1,ENSMUST00000180767.2,nucleus,,,,
Elmo1,ENSMUST00000181429.8,chromatin,nucleus,,,
Elmo1,ENSMUST00000249938.1,nucleus,,,,
Ephb2,ENSMUST00000059287.14,extracellular,nucleoplasm,nucleus,,
Ephb2,ENSMUST00000105845.9,chromatin,extracellular,nucleoplasm,nucleus,
Ephb2,ENSMUST00000105846.9,extracellular,nucleus,,,
Ephb2,ENSMUST00000144573.2,extracellular,nucleoplasm,nucleus,,
Espl1,ENSMUST00000064924.6,chromatin,nucleoplasm,nucleus,,
Espl1,ENSMUST00000229050.2,chromatin,nucleoplasm,nucleus,,
Espl1,ENSMUST00000230617.2,nucleus,,,,
Etl4,ENSMUST00000045555.11,nucleoplasm,nucleus,,,
Etl4,ENSMUST00000066509.10,nucleus,,,,
Etl4,ENSMUST00000114604.9,nucleoplasm,nucleus,,,
Etl4,ENSMUST00000114606.8,nucleus,,,,
Etl4,ENSMUST00000114607.8,nucleus,,,,
Etl4,ENSMUST00000114608.3,nucleus,,,,
Etl4,ENSMUST00000114610.8,nucleus,,,,
Etl4,ENSMUST00000114614.8,nucleoplasm,nucleus,,,
Etl4,ENSMUST00000114627.8,nucleus,,,,
Etl4,ENSMUST00000125772.2,nucleus,,,,
Etl4,ENSMUST00000146488.8,nucleus,,,,
Etl4,ENSMUST00000146613.8,nucleus,,,,
Etl4,ENSMUST00000156587.2,nucleus,,,,
Eya2,ENSMUST00000063433.8,nucleus,,,,
Eya2,ENSMUST00000088132.13,nucleoplasm,nucleus,,,
Fam110a,ENSMUST00000062047.6,nucleoplasm,nucleus,,,
Fam110a,ENSMUST00000109863.2,nucleus,,,,
Fam110a,ENSMUST00000109864.8,nucleoplasm,nucleus,,,
Fam110a,ENSMUST00000109865.8,nucleus,,,,
Fam53b,ENSMUST00000065371.14,extracellular,nucleus,,,
Fam53b,ENSMUST00000097998.9,extracellular,nucleoplasm,nucleus,,
Fam53b,ENSMUST00000097999.9,extracellular,nucleoplasm,nucleus,,
Fam53b,ENSMUST00000106168.2,extracellular,nucleus,,,
Fam53b,ENSMUST00000106169.8,extracellular,nucleus,,,
Fam53b,ENSMUST00000134946.3,nucleus,,,,
Fam78b,ENSMUST00000122929.2,nucleus,,,,
Fam78b,ENSMUST00000126198.3,nucleus,,,,
Fam78b,ENSMUST00000128373.2,chromatin,nucleoplasm,nucleus,,
Fam78b,ENSMUST00000156025.2,nucleoplasm,nucleus,,,
Fam78b,ENSMUST00000165874.8,chromatin,nucleoplasm,nucleus,,
Fam78b,ENSMUST00000190081.7,chromatin,nucleoplasm,nucleus,,
Fbrsl1,ENSMUST00000056124.11,nucleus,,,,
Fbrsl1,ENSMUST00000069483.12,nucleoplasm,nucleus,,,
Fbrsl1,ENSMUST00000196801.5,chromatin,nucleoplasm,nucleus,,
Fbrsl1,ENSMUST00000198415.3,nucleus,,,,
Fbrsl1,ENSMUST00000198768.3,chromatin,nucleoplasm,nucleus,,
Fbrsl1,ENSMUST00000198834.2,nucleus,,,,
Fbrsl1,ENSMUST00000200293.2,nucleus,,,,
Fbxl18,ENSMUST00000035985.8,nucleus,,,,
Fbxl18,ENSMUST00000110766.8,chromatin,extracellular,nucleoplasm,nucleus,
Fbxl18,ENSMUST00000156725.2,chromatin,nucleoplasm,nucleus,,
Fbxl7,ENSMUST00000059204.11,chromatin,nucleus,,,
Fbxl7,ENSMUST00000226377.2,nucleus,,,,
Fbxo16,ENSMUST00000224629.2,nucleoplasm,nucleus,,,
Fbxo16,ENSMUST00000226005.2,nucleus,,,,
Fchsd2,ENSMUST00000032931.9,chromatin,nucleus,,,
Fchsd2,ENSMUST00000098250.10,chromatin,nucleus,,,
Fchsd2,ENSMUST00000145802.8,chromatin,nucleus,,,
Fchsd2,ENSMUST00000208063.2,nucleus,,,,
Fchsd2,ENSMUST00000208917.2,chromatin,nucleus,,,
Fez2,ENSMUST00000070039.14,nucleus,,,,
Fez2,ENSMUST00000112487.3,nucleus,,,,
Fez2,ENSMUST00000234029.2,nucleus,,,,
Fez2,ENSMUST00000234052.2,nucleus,,,,
Fez2,ENSMUST00000234067.2,nucleus,,,,
Fez2,ENSMUST00000234530.2,nucleus,,,,
Fez2,ENSMUST00000234900.2,chromatin,nucleus,,,
Fhl1,ENSMUST00000023854.10,extracellular,,,,
Fhl1,ENSMUST00000114769.9,chromatin,nucleus,,,
Firre,ENSMUST00000203933.4,extracellular,nucleoplasm,,,
Firre,ENSMUST00000204974.4,chromatin,nucleoplasm,nucleus,,
Firre,ENSMUST00000205059.4,extracellular,,,,
Firre,ENSMUST00000270283.1,extracellular,,,,
Firre,ENSMUST00000270293.1,extracellular,,,,
Firre,ENSMUST00000270297.1,nucleus,,,,
Firre,ENSMUST00000270298.1,nucleus,,,,
Firre,ENSMUST00000270299.1,nucleus,,,,
Firre,ENSMUST00000270300.1,nucleus,,,,
Firre,ENSMUST00000270303.1,chromatin,nucleus,,,
Firre,ENSMUST00000270306.1,chromatin,,,,
Firre,ENSMUST00000270309.1,chromatin,nucleus,,,
Firre,ENSMUST00000270311.1,extracellular,,,,
Firre,ENSMUST00000270312.1,extracellular,,,,
Fmn1,ENSMUST00000081349.9,nucleus,,,,
Fmn1,ENSMUST00000099576.9,chromatin,nucleoplasm,nucleus,,
Fmn1,ENSMUST00000102547.10,nucleus,,,,
Fmn1,ENSMUST00000110954.7,nucleus,,,,
Fmnl3,ENSMUST00000081224.14,extracellular,nucleus,,,
Fmnl3,ENSMUST00000088233.13,extracellular,nucleoplasm,nucleus,,
Fmnl3,ENSMUST00000120633.2,extracellular,nucleus,,,
Fn1,ENSMUST00000055226.13,nucleus,,,,
Fn1,ENSMUST00000185408.7,chromatin,nucleus,,,
Fn1,ENSMUST00000186129.7,nucleus,,,,
Fn1,ENSMUST00000186736.2,nucleus,,,,
Fn1,ENSMUST00000186879.2,nucleus,,,,
Fn1,ENSMUST00000186940.7,nucleus,,,,
Fn1,ENSMUST00000187938.7,chromatin,nucleus,,,
Fn1,ENSMUST00000188674.7,chromatin,nucleus,,,
Fn1,ENSMUST00000188894.7,chromatin,nucleus,,,
Fn1,ENSMUST00000189160.2,nucleus,,,,
Fn1,ENSMUST00000189821.7,chromatin,nucleus,,,
Fn1,ENSMUST00000190780.7,chromatin,nucleus,,,
Fosb,ENSMUST00000003640.4,chromatin,nucleus,,,
Fosb,ENSMUST00000207334.2,chromatin,nucleus,,,
Fosb,ENSMUST00000207716.2,nucleus,,,,
Fosb,ENSMUST00000208230.2,chromatin,nucleoplasm,nucleus,,
Fosb,ENSMUST00000208326.2,chromatin,nucleus,,,
Fosb,ENSMUST00000208446.2,nucleus,,,,
Fosb,ENSMUST00000208505.2,chromatin,nucleus,,,
Galnt6,ENSMUST00000052069.12,nucleus,,,,
Galnt6,ENSMUST00000159715.8,nucleoplasm,nucleus,,,
Galnt6,ENSMUST00000161514.2,nucleus,,,,
Gas2l3,ENSMUST00000099374.9,chromatin,extracellular,nucleus,,
Gas2l3,ENSMUST00000105298.3,chromatin,extracellular,nucleus,,
Gas2l3,ENSMUST00000220128.2,extracellular,,,,
Gatm,ENSMUST00000028624.9,nucleus,,,,
Gatm,ENSMUST00000140808.2,extracellular,,,,
Gatm,ENSMUST00000154598.8,extracellular,,,,
Gcnt2,ENSMUST00000067778.8,chromatin,nucleus,,,
Gcnt2,ENSMUST00000069958.15,nucleus,,,,
Gcnt2,ENSMUST00000110191.10,chromatin,nucleus,,,
Gfra1,ENSMUST00000026076.14,chromatin,nucleus,,,
Gfra1,ENSMUST00000129100.8,chromatin,nucleus,,,
Gfra1,ENSMUST00000131877.2,nucleus,,,,
Gfra1,ENSMUST00000138530.8,nucleus,,,,
Gfra1,ENSMUST00000140141.8,nucleoplasm,nucleus,,,
Gfra1,ENSMUST00000152507.8,nucleus,,,,
Gfra2,ENSMUST00000022699.10,nucleoplasm,nucleus,,,
Gfra2,ENSMUST00000227633.2,nucleus,,,,
Gfra2,ENSMUST00000227697.2,nucleus,,,,
Git2,ENSMUST00000043283.14,chromatin,nucleus,,,
Git2,ENSMUST00000086564.11,nucleus,,,,
Git2,ENSMUST00000112183.8,chromatin,nucleus,,,
Git2,ENSMUST00000112185.9,chromatin,nucleus,,,
Git2,ENSMUST00000131582.8,nucleus,,,,
Git2,ENSMUST00000133096.2,nucleus,,,,
Git2,ENSMUST00000135793.2,nucleus,,,,
Git2,ENSMUST00000146044.8,nucleus,,,,
Git2,ENSMUST00000153756.8,extracellular,nucleus,,,
Git2,ENSMUST00000155908.8,nucleus,,,,
Git2,ENSMUST00000178440.8,chromatin,nucleus,,,
Git2,ENSMUST00000201442.2,nucleus,,,,
Git2,ENSMUST00000202581.2,extracellular,,,,
Gjc3,ENSMUST00000077119.8,extracellular,nucleus,,,
Gjc3,ENSMUST00000199083.2,nucleus,,,,
Glrb,ENSMUST00000029654.15,chromatin,nucleus,,,
Glrb,ENSMUST00000135043.8,chromatin,nucleus,,,
Glrb,ENSMUST00000193031.2,nucleus,,,,
Gm10863,ENSMUST00000244725.2,nucleus,,,,
Gm10863,ENSMUST00000373407.1,nucleus,,,,
Gm10863,ENSMUST00000373408.1,nucleus,,,,
Gm10863,ENSMUST00000373410.1,chromatin,nucleus,,,
Gm10863,ENSMUST00000373411.1,nucleus,,,,
Gm10863,ENSMUST00000373412.1,nucleus,,,,
Gm10863,ENSMUST00000373413.1,nucleus,,,,
Gm10863,ENSMUST00000373417.1,nucleus,,,,
Gm10863,ENSMUST00000373418.1,nucleus,,,,
Gm10863,ENSMUST00000373419.1,nucleoplasm,,,,
Gm10863,ENSMUST00000373422.1,chromatin,nucleus,,,
Gm28036,ENSMUST00000127956.9,nucleus,,,,
Gm28036,ENSMUST00000132494.8,chromatin,nucleus,,,
Gm28036,ENSMUST00000183518.2,nucleus,,,,
Gm28036,ENSMUST00000184899.8,nucleus,,,,
Gm42742,ENSMUST00000032918.4,chromatin,nucleoplasm,nucleus,,
Gm42742,ENSMUST00000202798.2,nucleoplasm,nucleus,,,
Gm57403,ENSMUST00000246795.2,nucleus,,,,
Gm57403,ENSMUST00000335676.1,nucleoplasm,,,,
Gpm6b,ENSMUST00000060210.14,chromatin,nucleus,,,
Gpm6b,ENSMUST00000112223.8,chromatin,,,,
Gpm6b,ENSMUST00000112233.8,nucleus,,,,
Gpm6b,ENSMUST00000112235.8,chromatin,nucleus,,,
Gramd1b,ENSMUST00000045682.7,chromatin,nucleoplasm,nucleus,,
Gramd1b,ENSMUST00000118159.8,nucleus,,,,
Gramd1b,ENSMUST00000119373.9,nucleus,,,,
Gramd1b,ENSMUST00000121357.8,chromatin,nucleoplasm,nucleus,,
Gramd1b,ENSMUST00000165104.8,nucleus,,,,
Gramd1b,ENSMUST00000216821.2,chromatin,nucleoplasm,nucleus,,
Greb1,ENSMUST00000048064.16,chromatin,extracellular,nucleus,,
Greb1,ENSMUST00000159120.8,extracellular,nucleus,,,
Greb1,ENSMUST00000160755.2,extracellular,,,,
Greb1,ENSMUST00000161036.8,nucleus,,,,
Greb1,ENSMUST00000162112.8,chromatin,extracellular,nucleus,,
Gria3,ENSMUST00000076349.12,chromatin,nucleus,,,
Gria3,ENSMUST00000128197.8,nucleus,,,,
Gria3,ENSMUST00000139965.8,chromatin,nucleus,,,
Gria3,ENSMUST00000148212.2,chromatin,nucleus,,,
Grid2,ENSMUST00000095852.5,nucleus,,,,
Grid2,ENSMUST00000159319.2,nucleus,,,,
Grid2,ENSMUST00000159561.8,chromatin,nucleus,,,
Grid2,ENSMUST00000160408.2,nucleus,,,,
Grid2,ENSMUST00000161105.2,nucleus,,,,
Grid2,ENSMUST00000210324.2,nucleus,,,,
Grik5,ENSMUST00000003468.10,nucleoplasm,nucleus,,,
Grik5,ENSMUST00000205328.2,chromatin,nucleoplasm,nucleus,,
Grik5,ENSMUST00000205993.2,nucleus,,,,
Grik5,ENSMUST00000206134.2,nucleoplasm,nucleus,,,
Gse1,ENSMUST00000034279.16,nucleoplasm,nucleus,,,
Gse1,ENSMUST00000118136.2,nucleus,,,,
Gse1,ENSMUST00000120493.8,nucleus,,,,
Gse1,ENSMUST00000147327.8,nucleus,,,,
Gse1,ENSMUST00000180448.3,nucleus,,,,
Hdgfl3,ENSMUST00000026094.6,nucleoplasm,nucleus,,,
Hdgfl3,ENSMUST00000107305.8,chromatin,nucleoplasm,nucleus,,
Hdgfl3,ENSMUST00000149288.2,nucleus,,,,
Hhip,ENSMUST00000079038.4,nucleoplasm,nucleus,,,
Hhip,ENSMUST00000155850.3,nucleus,,,,
Hid1,ENSMUST00000044152.13,extracellular,nucleus,,,
Hid1,ENSMUST00000106542.9,extracellular,nucleus,,,
Hid1,ENSMUST00000123428.2,nucleus,,,,
Hid1,ENSMUST00000145316.8,nucleus,,,,
Hivep3,ENSMUST00000084306.5,chromatin,nucleus,,,
Hivep3,ENSMUST00000106307.9,cytoplasm,extracellular,nucleoplasm,nucleus,
Hivep3,ENSMUST00000136547.2,chromatin,,,,
Hivep3,ENSMUST00000141605.8,nucleus,,,,
Hivep3,ENSMUST00000166542.3,extracellular,,,,
Hoxa9,ENSMUST00000048680.8,extracellular,nucleus,,,
Hoxa9,ENSMUST00000114425.3,extracellular,nucleus,,,
Hoxa9,ENSMUST00000174115.2,nucleus,,,,
Hoxb5os,ENSMUST00000140952.3,nucleus,,,,
Hoxb5os,ENSMUST00000150698.4,nucleus,,,,
Hoxb5os,ENSMUST00000247169.2,nucleus,,,,
Hoxb5os,ENSMUST00000355168.1,nucleus,,,,
Hoxb5os,ENSMUST00000355170.1,nucleus,,,,
Hoxb5os,ENSMUST00000355173.1,nucleus,,,,
Hoxb5os,ENSMUST00000355175.1,nucleus,,,,
Hoxb5os,ENSMUST00000355177.1,nucleus,,,,
Hoxb5os,ENSMUST00000355182.1,nucleus,,,,
Hoxb5os,ENSMUST00000355184.1,nucleus,,,,
Hoxb5os,ENSMUST00000355185.1,nucleus,,,,
Hoxb5os,ENSMUST00000355186.1,nucleus,,,,
Hoxb5os,ENSMUST00000355187.1,nucleus,,,,
Hoxb5os,ENSMUST00000355188.1,nucleoplasm,nucleus,,,
Hoxb5os,ENSMUST00000355190.1,nucleus,,,,
Hoxb5os,ENSMUST00000355191.1,nucleus,,,,
Hoxb5os,ENSMUST00000355192.1,nucleus,,,,
Hoxb5os,ENSMUST00000355194.1,nucleus,,,,
Hoxb5os,ENSMUST00000355195.1,nucleus,,,,
Hoxb5os,ENSMUST00000355196.1,nucleus,,,,
Hoxb5os,ENSMUST00000355197.1,nucleus,,,,
Hoxb5os,ENSMUST00000355198.1,nucleus,,,,
Hoxb5os,ENSMUST00000355199.1,nucleus,,,,
Hoxb5os,ENSMUST00000355201.1,nucleus,,,,
Hoxb5os,ENSMUST00000355206.1,nucleus,,,,
Hoxb5os,ENSMUST00000355207.1,nucleus,,,,
Hoxb5os,ENSMUST00000355210.1,nucleus,,,,
Hoxb5os,ENSMUST00000355211.1,nucleus,,,,
Hoxb5os,ENSMUST00000355212.1,nucleus,,,,
Hoxb5os,ENSMUST00000355213.1,nucleus,,,,
Hoxb5os,ENSMUST00000355214.1,nucleus,,,,
Hoxb5os,ENSMUST00000355215.1,nucleus,,,,
Hoxb5os,ENSMUST00000355216.1,nucleus,,,,
Hoxb5os,ENSMUST00000355219.1,nucleus,,,,
Hoxb5os,ENSMUST00000355220.1,nucleus,,,,
Hoxc4,ENSMUST00000100164.5,nucleoplasm,nucleus,,,
Hoxc4,ENSMUST00000165375.3,chromatin,cytoplasm,nucleoplasm,nucleus,
Hoxd3,ENSMUST00000047830.8,nucleus,,,,
Hoxd3,ENSMUST00000111982.8,chromatin,nucleus,,,
Hoxd3,ENSMUST00000111983.9,nucleus,,,,
Hoxd3,ENSMUST00000190553.2,nucleus,,,,
Hoxd8,ENSMUST00000019749.4,nucleus,,,,
Hoxd8,ENSMUST00000074721.6,nucleoplasm,nucleus,,,
Hs2st1,ENSMUST00000043325.9,chromatin,nucleoplasm,nucleus,,
Hs2st1,ENSMUST00000199680.2,nucleus,,,,
Hspa8,ENSMUST00000015800.16,chromatin,,,,
Hspa8,ENSMUST00000133964.2,nucleus,,,,
Hspa8,ENSMUST00000138895.2,nucleus,,,,
Hspa8,ENSMUST00000149936.2,chromatin,nucleoplasm,,,
Igf1r,ENSMUST00000005671.10,nucleoplasm,nucleus,,,
Igf1r,ENSMUST00000207621.2,nucleus,,,,
Igf1r,ENSMUST00000208348.2,nucleus,,,,
Igf1r,ENSMUST00000208731.2,nucleus,,,,
Igf2bp1,ENSMUST00000013559.3,chromatin,mitochondrion,nucleus,,
Igf2bp1,ENSMUST00000141515.2,nucleus,,,,
Igf2bp1,ENSMUST00000152896.8,nucleus,,,,
Igsf8,ENSMUST00000039506.15,nucleoplasm,nucleus,,,
Igsf8,ENSMUST00000085912.10,nucleus,,,,
Igsf8,ENSMUST00000139528.8,nucleus,,,,
Igsf8,ENSMUST00000194505.2,nucleus,,,,
Igsf9,ENSMUST00000052629.13,cytoplasm,extracellular,nucleoplasm,nucleus,
Igsf9,ENSMUST00000111235.8,cytoplasm,extracellular,nucleus,,
Igsf9,ENSMUST00000127482.8,cytoplasm,extracellular,nucleus,,
Igsf9,ENSMUST00000128638.2,extracellular,nucleus,,,
Igsf9,ENSMUST00000135267.8,extracellular,,,,
Il17ra,ENSMUST00000002976.5,chromatin,nucleoplasm,nucleus,,
Il17ra,ENSMUST00000204239.3,nucleus,,,,
Inf2,ENSMUST00000101029.4,nucleoplasm,nucleus,,,
Inf2,ENSMUST00000222275.2,mitochondrion,nucleus,,,
Irf1,ENSMUST00000019043.13,nucleoplasm,,,,
Irf1,ENSMUST00000108920.10,nucleoplasm,,,,
Irf1,ENSMUST00000108922.9,chromatin,nucleus,,,
Itga4,ENSMUST00000099972.5,chromatin,nucleus,,,
Itga4,ENSMUST00000155105.2,chromatin,,,,
Itga6,ENSMUST00000028522.10,nucleus,,,,
Itga6,ENSMUST00000112101.8,nucleus,,,,
Itga6,ENSMUST00000126787.2,nucleus,,,,
Itga6,ENSMUST00000152009.2,nucleus,,,,
Itga6,ENSMUST00000155249.2,cytoplasm,nucleus,,,
Itga6,ENSMUST00000155596.2,nucleus,,,,
Itga6,ENSMUST00000238991.2,nucleus,,,,
Itprid2,ENSMUST00000111784.9,chromatin,nucleus,,,
Itprid2,ENSMUST00000111785.9,chromatin,nucleoplasm,nucleus,,
Itprid2,ENSMUST00000111788.8,chromatin,nucleus,,,
Itprid2,ENSMUST00000124938.2,nucleus,,,,
Itprid2,ENSMUST00000133266.2,chromatin,,,,
Josd2,ENSMUST00000035844.11,nucleoplasm,,,,
Josd2,ENSMUST00000118493.8,nucleoplasm,,,,
Josd2,ENSMUST00000118628.8,nucleoplasm,nucleus,,,
Josd2,ENSMUST00000121922.3,nucleus,,,,
Josd2,ENSMUST00000131817.2,nucleus,,,,
Josd2,ENSMUST00000133656.8,nucleoplasm,,,,
Josd2,ENSMUST00000134398.3,nucleoplasm,nucleus,,,
Josd2,ENSMUST00000136609.8,nucleus,,,,
Josd2,ENSMUST00000206210.2,chromatin,nucleoplasm,nucleus,,
Josd2,ENSMUST00000206887.2,nucleus,,,,
Kalrn,ENSMUST00000076810.12,extracellular,nucleus,,,
Kalrn,ENSMUST00000089655.12,chromatin,extracellular,nucleoplasm,nucleus,
Kalrn,ENSMUST00000114949.8,extracellular,,,,
Kalrn,ENSMUST00000114953.8,chromatin,extracellular,nucleus,,
Kalrn,ENSMUST00000114954.8,chromatin,extracellular,nucleoplasm,nucleus,
Kalrn,ENSMUST00000114960.9,chromatin,extracellular,nucleus,,
Kalrn,ENSMUST00000114961.8,extracellular,nucleoplasm,nucleus,,
Kalrn,ENSMUST00000114963.8,nucleus,,,,
Kalrn,ENSMUST00000114964.8,nucleus,,,,
Kalrn,ENSMUST00000114966.8,nucleus,,,,
Kalrn,ENSMUST00000114973.9,chromatin,nucleus,,,
Kalrn,ENSMUST00000132569.2,extracellular,,,,
Kalrn,ENSMUST00000142817.8,extracellular,nucleus,,,
Kalrn,ENSMUST00000151491.8,extracellular,,,,
Kalrn,ENSMUST00000232157.2,nucleus,,,,
Kit,ENSMUST00000005815.7,chromatin,nucleus,,,
Kit,ENSMUST00000144270.8,chromatin,nucleus,,,
Kit,ENSMUST00000201240.2,nucleus,,,,
Kit,ENSMUST00000202167.2,chromatin,nucleus,,,
Klc1,ENSMUST00000084941.12,nucleus,,,,
Klc1,ENSMUST00000118471.8,chromatin,,,,
Klc1,ENSMUST00000141435.2,nucleus,,,,
Klc1,ENSMUST00000238980.2,nucleus,,,,
Klc1,ENSMUST00000239017.2,chromatin,nucleus,,,
Klf13,ENSMUST00000063694.10,cytoplasm,nucleus,,,
Klf13,ENSMUST00000185175.2,nucleus,,,,
Klhl22,ENSMUST00000120488.3,extracellular,,,,
Klhl22,ENSMUST00000144116.2,nucleus,,,,
Klhl22,ENSMUST00000165790.9,chromatin,extracellular,,,
Klhl25,ENSMUST00000092073.11,chromatin,nucleoplasm,nucleus,,
Klhl25,ENSMUST00000171155.4,chromatin,nucleoplasm,nucleus,,
Klhl25,ENSMUST00000205612.2,chromatin,nucleus,,,
Klhl25,ENSMUST00000206019.2,chromatin,nucleoplasm,nucleus,,
Klhl25,ENSMUST00000206418.2,nucleus,,,,
Knstrn,ENSMUST00000110842.8,nucleus,,,,
Knstrn,ENSMUST00000134661.8,chromatin,nucleus,,,
L1cam,ENSMUST00000066576.12,extracellular,,,,
L1cam,ENSMUST00000102871.10,chromatin,extracellular,nucleoplasm,nucleus,
L1cam,ENSMUST00000114430.8,chromatin,extracellular,nucleoplasm,nucleus,
L1cam,ENSMUST00000129612.8,extracellular,,,,
L1cam,ENSMUST00000130110.2,chromatin,,,,
Lamb1,ENSMUST00000002979.16,cytoplasm,nucleus,,,
Lamb1,ENSMUST00000164228.2,nucleus,,,,
Lamb1,ENSMUST00000169088.8,cytoplasm,,,,
Lamb1,ENSMUST00000170495.3,nucleus,,,,
Lamb1,ENSMUST00000239496.2,cytoplasm,nucleoplasm,nucleus,,
Ldlrad3,ENSMUST00000058790.12,chromatin,extracellular,nucleus,,
Ldlrad3,ENSMUST00000111222.2,chromatin,extracellular,nucleus,,
Ldlrad3,ENSMUST00000127888.2,chromatin,,,,
Lef1,ENSMUST00000029611.14,chromatin,cytoplasm,nucleoplasm,nucleus,
Lef1,ENSMUST00000066849.13,chromatin,cytoplasm,nucleoplasm,nucleus,
Lef1,ENSMUST00000098611.4,nucleus,,,,
Lef1,ENSMUST00000106341.9,chromatin,cytoplasm,nucleoplasm,nucleus,
Lef1,ENSMUST00000132737.6,nucleus,,,,
Lef1,ENSMUST00000136147.8,nucleus,,,,
Lfng,ENSMUST00000031555.3,chromatin,nucleoplasm,nucleus,,
Lfng,ENSMUST00000199848.2,nucleus,,,,
Lgr5,ENSMUST00000020350.15,extracellular,nucleus,,,
Lgr5,ENSMUST00000105272.8,chromatin,nucleus,,,
Lgr5,ENSMUST00000129309.2,nucleus,,,,
Lgr5,ENSMUST00000149008.2,chromatin,nucleus,,,
Lhfpl2,ENSMUST00000054274.8,nucleus,,,,
Lhfpl2,ENSMUST00000118195.2,nucleus,,,,
Lhfpl2,ENSMUST00000121618.2,nucleus,,,,
Lhfpl2,ENSMUST00000144838.2,chromatin,nucleus,,,
Lin28b,ENSMUST00000079390.7,nucleus,,,,
Lin28b,ENSMUST00000214555.2,chromatin,,,,
Lipa,ENSMUST00000049572.15,extracellular,nucleus,,,
Lipa,ENSMUST00000178114.2,extracellular,nucleus,,,
Lipa,ENSMUST00000237513.2,nucleus,,,,
Lmna,ENSMUST00000029699.13,nucleoplasm,nucleus,,,
Lmna,ENSMUST00000036252.7,nucleus,,,,
Lmna,ENSMUST00000120377.8,nucleus,,,,
Lmna,ENSMUST00000135494.4,nucleus,,,,
Lmna,ENSMUST00000147537.6,chromatin,nucleus,,,
Lmo1,ENSMUST00000036992.9,nucleus,,,,
Lmo1,ENSMUST00000207178.2,nucleoplasm,nucleus,,,
Lmo4,ENSMUST00000134961.2,chromatin,nucleus,,,
Lmo4,ENSMUST00000148128.2,nucleoplasm,,,,
Lmo4,ENSMUST00000196264.5,nucleus,,,,
Lpar1,ENSMUST00000055018.11,chromatin,nucleus,,,
Lpar1,ENSMUST00000107570.2,nucleoplasm,,,,
Lpar1,ENSMUST00000107571.8,chromatin,nucleoplasm,nucleus,,
Lpar1,ENSMUST00000107574.8,nucleoplasm,,,,
Lpar1,ENSMUST00000107575.9,nucleoplasm,,,,
Lrp6,ENSMUST00000032322.15,chromatin,nucleus,,,
Lrp6,ENSMUST00000111950.4,nucleus,,,,
Lrp6,ENSMUST00000126836.4,nucleus,,,,
Lrp6,ENSMUST00000203016.2,extracellular,,,,
Lrp6,ENSMUST00000203235.2,nucleus,,,,
Lrp8,ENSMUST00000030356.10,chromatin,nucleus,,,
Lrp8,ENSMUST00000106731.4,chromatin,nucleus,,,
Lrp8,ENSMUST00000106733.10,chromatin,nucleus,,,
Lrp8,ENSMUST00000123140.8,nucleus,,,,
Lrp8,ENSMUST00000126573.8,chromatin,nucleus,,,
Lrp8,ENSMUST00000143601.8,nucleus,,,,
Lrp8,ENSMUST00000145832.2,nucleus,,,,
Lrp8,ENSMUST00000146552.9,nucleus,,,,
Lrp8,ENSMUST00000238207.2,nucleus,,,,
Lrp8,ENSMUST00000238255.2,nucleus,,,,
Lrp8,ENSMUST00000238405.2,nucleus,,,,
Lrp8,ENSMUST00000238569.2,chromatin,nucleus,,,
Lrp8,ENSMUST00000238584.2,cytoplasm,nucleus,,,
Lrp8,ENSMUST00000238651.2,chromatin,nucleus,,,
Lsm2,ENSMUST00000007266.14,nucleus,,,,
Lsm2,ENSMUST00000172523.2,chromatin,extracellular,,,
Lsm2,ENSMUST00000173004.2,nucleus,,,,
Lss,ENSMUST00000048678.7,chromatin,nucleus,,,
Lss,ENSMUST00000159172.2,nucleus,,,,
Lss,ENSMUST00000160671.8,chromatin,nucleus,,,
Lss,ENSMUST00000162475.8,chromatin,nucleus,,,
Ltbp1,ENSMUST00000001927.12,nucleoplasm,nucleus,,,
Ltbp1,ENSMUST00000112514.2,chromatin,,,,
Ltbp1,ENSMUST00000127458.2,nucleus,,,,
Ltbp1,ENSMUST00000135750.2,nucleus,,,,
Ltbp1,ENSMUST00000234490.2,chromatin,nucleoplasm,nucleus,,
Luc7l,ENSMUST00000114976.9,chromatin,nucleus,,,
Luc7l,ENSMUST00000154235.8,nucleus,,,,
Map1b,ENSMUST00000064762.6,chromatin,nucleoplasm,nucleus,,
Map1b,ENSMUST00000223725.2,nucleus,,,,
Map2,ENSMUST00000024639.12,nucleus,,,,
Map2,ENSMUST00000077355.12,nucleus,,,,
Map2,ENSMUST00000114012.8,nucleus,,,,
Map2,ENSMUST00000114013.8,nucleus,,,,
Map2,ENSMUST00000114015.8,chromatin,nucleoplasm,nucleus,,
Map2,ENSMUST00000114017.8,chromatin,nucleoplasm,nucleus,,
Map2,ENSMUST00000114018.10,nucleus,,,,
Map2,ENSMUST00000127388.8,nucleus,,,,
Map2,ENSMUST00000151423.9,nucleus,,,,
Map2,ENSMUST00000239213.2,nucleus,,,,
Map3k12,ENSMUST00000023812.10,nucleus,,,,
Map3k12,ENSMUST00000164343.8,extracellular,nucleus,,,
Map3k12,ENSMUST00000167677.2,nucleus,,,,
Map3k12,ENSMUST00000169367.8,nucleus,,,,
Map3k12,ENSMUST00000169377.8,nucleus,,,,
Map3k12,ENSMUST00000171565.8,nucleus,,,,
Mapk11,ENSMUST00000088823.5,nucleoplasm,nucleus,,,
Mapk11,ENSMUST00000230634.2,nucleus,,,,
Mapk11,ENSMUST00000230734.2,nucleus,,,,
Mapk4,ENSMUST00000091851.10,chromatin,nucleoplasm,nucleus,,
Mapk4,ENSMUST00000159162.2,nucleus,,,,
Mapk4,ENSMUST00000162863.8,chromatin,nucleoplasm,nucleus,,
Mapk8ip1,ENSMUST00000050312.3,extracellular,nucleus,,,
Mapk8ip1,ENSMUST00000111279.9,extracellular,nucleus,,,
Mapk8ip1,ENSMUST00000149653.2,nucleus,,,,
Mbnl2,ENSMUST00000088419.13,chromatin,,,,
Mbnl2,ENSMUST00000167459.3,chromatin,,,,
Mbnl2,ENSMUST00000227484.2,chromatin,extracellular,nucleus,,
Mbnl2,ENSMUST00000227508.2,nucleus,,,,
Mbp,ENSMUST00000047865.14,nucleoplasm,nucleus,,,
Mbp,ENSMUST00000080658.12,nucleus,,,,
Mbp,ENSMUST00000091789.11,chromatin,extracellular,nucleoplasm,nucleus,
Mbp,ENSMUST00000114676.8,nucleoplasm,,,,
Mbp,ENSMUST00000132369.3,nucleus,,,,
Mbp,ENSMUST00000133193.9,nucleus,,,,
Mbp,ENSMUST00000142850.9,nucleus,,,,
Mbp,ENSMUST00000150952.2,nucleus,,,,
Mbp,ENSMUST00000152071.9,nucleus,,,,
Mbp,ENSMUST00000153478.9,nucleus,,,,
Mcc,ENSMUST00000089874.9,extracellular,nucleus,,,
Mcc,ENSMUST00000164666.6,nucleoplasm,nucleus,,,
Mcc,ENSMUST00000202090.2,nucleus,,,,
Mcc,ENSMUST00000202845.2,nucleus,,,,
Mef2c,ENSMUST00000196832.2,chromatin,nucleus,,,
Mef2c,ENSMUST00000197146.5,chromatin,,,,
Mef2c,ENSMUST00000197681.5,nucleus,,,,
Mef2c,ENSMUST00000197722.5,nucleus,,,,
Mef2c,ENSMUST00000197938.5,nucleus,,,,
Mef2c,ENSMUST00000199019.5,chromatin,nucleoplasm,nucleus,,
Mef2c,ENSMUST00000199105.5,chromatin,nucleoplasm,nucleus,,
Mef2c,ENSMUST00000199432.5,nucleus,,,,
Mef2d,ENSMUST00000001455.13,chromatin,nucleoplasm,nucleus,,
Mef2d,ENSMUST00000107558.9,nucleoplasm,nucleus,,,
Mef2d,ENSMUST00000107559.3,nucleoplasm,nucleus,,,
Mef2d,ENSMUST00000119251.8,nucleoplasm,nucleus,,,
Mef2d,ENSMUST00000139153.2,nucleus,,,,
Mef2d,ENSMUST00000140927.2,nucleus,,,,
Mef2d,ENSMUST00000152861.2,nucleoplasm,nucleus,,,
Mest,ENSMUST00000124665.3,chromatin,nucleus,,,
Mest,ENSMUST00000149496.2,nucleus,,,,
Mest,ENSMUST00000157040.8,nucleus,,,,
Mest,ENSMUST00000163949.9,chromatin,nucleus,,,
Mettl5,ENSMUST00000060447.13,nucleoplasm,nucleus,,,
Mettl5,ENSMUST00000135487.2,nucleus,,,,
Mettl5,ENSMUST00000142127.8,nucleus,,,,
Mical3,ENSMUST00000077159.8,nucleus,,,,
Mical3,ENSMUST00000098457.9,nucleoplasm,nucleus,,,
Mical3,ENSMUST00000142924.2,nucleus,,,,
Mical3,ENSMUST00000203254.3,nucleus,,,,
Mical3,ENSMUST00000204248.2,nucleus,,,,
Mical3,ENSMUST00000204302.3,chromatin,nucleoplasm,nucleus,,
Mical3,ENSMUST00000204994.2,nucleoplasm,nucleus,,,
Mical3,ENSMUST00000207889.2,nucleoplasm,nucleus,,,
Mical3,ENSMUST00000212333.2,nucleus,,,,
Mical3,ENSMUST00000238920.2,nucleoplasm,nucleus,,,
Mical3,ENSMUST00000238957.2,nucleoplasm,nucleus,,,
Mical3,ENSMUST00000238968.2,nucleoplasm,nucleus,,,
Micall1,ENSMUST00000040320.10,nucleoplasm,nucleus,,,
Micall1,ENSMUST00000229031.2,nucleus,,,,
Micall1,ENSMUST00000229048.2,nucleus,,,,
Micall1,ENSMUST00000229113.2,extracellular,nucleus,,,
Mid1,ENSMUST00000036753.12,chromatin,nucleoplasm,nucleus,,
Mid1,ENSMUST00000078947.12,chromatin,nucleus,,,
Mid1,ENSMUST00000079443.6,nucleus,,,,
Mid1,ENSMUST00000112104.8,nucleus,,,,
Mid1,ENSMUST00000112105.8,chromatin,nucleoplasm,nucleus,,
Mid1,ENSMUST00000112107.8,nucleus,,,,
Mid1,ENSMUST00000149258.2,nucleus,,,,
Mid1,ENSMUST00000163810.9,nucleoplasm,nucleus,,,
Mideas,ENSMUST00000046266.13,cytoplasm,nucleoplasm,nucleus,,
Mideas,ENSMUST00000110294.2,cytoplasm,nucleoplasm,nucleus,,
Mideas,ENSMUST00000220974.2,nucleoplasm,nucleus,,,
Mir17hg,ENSMUST00000134140.3,chromatin,nucleus,,,
Mir17hg,ENSMUST00000350196.1,nucleus,,,,
Mir17hg,ENSMUST00000350197.1,nucleus,,,,
Mir17hg,ENSMUST00000350198.1,nucleoplasm,,,,
Mirg,ENSMUST00000181496.2,nucleus,,,,
Mirg,ENSMUST00000182185.8,chromatin,nucleus,,,
Mirg,ENSMUST00000182300.3,nucleus,,,,
Mirg,ENSMUST00000182499.9,chromatin,nucleus,,,
Mirg,ENSMUST00000183068.9,extracellular,nucleus,,,
Mirg,ENSMUST00000183084.2,nucleus,,,,
Mirg,ENSMUST00000183144.8,nucleus,,,,
Mirg,ENSMUST00000267477.1,nucleus,,,,
Mirg,ENSMUST00000267479.1,nucleus,,,,
Mirg,ENSMUST00000267481.1,nucleus,,,,
Mirg,ENSMUST00000267482.1,nucleus,,,,
Mirg,ENSMUST00000267483.1,nucleus,,,,
Mirg,ENSMUST00000267485.1,nucleus,,,,
Mirg,ENSMUST00000267486.1,nucleus,,,,
Mirg,ENSMUST00000267487.1,nucleus,,,,
Mirg,ENSMUST00000267488.1,nucleus,,,,
Mirg,ENSMUST00000267490.1,nucleus,,,,
Mirg,ENSMUST00000267491.1,extracellular,nucleus,,,
Mirg,ENSMUST00000267492.1,nucleus,,,,
Mirg,ENSMUST00000267493.1,nucleus,,,,
Mirg,ENSMUST00000267494.1,nucleus,,,,
Mirg,ENSMUST00000267495.1,nucleus,,,,
Mkrn1,ENSMUST00000031985.13,nucleoplasm,,,,
Mkrn1,ENSMUST00000051671.11,chromatin,nucleoplasm,,,
Mkrn1,ENSMUST00000114822.2,nucleoplasm,,,,
Mkrn1,ENSMUST00000114823.8,chromatin,,,,
Mkrn1,ENSMUST00000122996.8,nucleus,,,,
Mpdz,ENSMUST00000102830.10,chromatin,nucleus,,,
Mpdz,ENSMUST00000107258.9,nucleus,,,,
Mpdz,ENSMUST00000142273.2,chromatin,nucleus,,,
Mpdz,ENSMUST00000220807.2,nucleus,,,,
Mta3,ENSMUST00000067826.15,chromatin,nucleus,,,
Mta3,ENSMUST00000112349.9,nucleus,,,,
Mta3,ENSMUST00000112350.8,nucleus,,,,
Mta3,ENSMUST00000112352.10,nucleus,,,,
Mta3,ENSMUST00000177069.8,nucleus,,,,
Mtcl2,ENSMUST00000069098.7,nucleoplasm,nucleus,,,
Mtcl2,ENSMUST00000133571.2,nucleus,,,,
Mtss1,ENSMUST00000080371.8,nucleoplasm,nucleus,,,
Mtss1,ENSMUST00000226923.2,nucleus,,,,
Mtss1,ENSMUST00000226976.2,nucleoplasm,,,,
Mtss1,ENSMUST00000227797.2,nucleus,,,,
Mtss1,ENSMUST00000228655.2,nucleoplasm,nucleus,,,
Mtus1,ENSMUST00000059115.13,chromatin,nucleus,,,
Mtus1,ENSMUST00000145860.2,nucleus,,,,
Mybpc1,ENSMUST00000121629.8,chromatin,nucleoplasm,nucleus,,
Mybpc1,ENSMUST00000238199.2,nucleus,,,,
Mycl,ENSMUST00000030407.8,nucleoplasm,nucleus,,,
Mycl,ENSMUST00000106252.9,chromatin,nucleoplasm,nucleus,,
Myh10,ENSMUST00000018887.15,nucleus,,,,
Myh10,ENSMUST00000092984.6,chromatin,nucleus,,,
Myh10,ENSMUST00000102611.10,chromatin,nucleus,,,
Myo1b,ENSMUST00000046390.14,nucleoplasm,,,,
Myo1b,ENSMUST00000114541.8,nucleus,,,,
Myo1b,ENSMUST00000151525.8,chromatin,nucleus,,,
Naa40,ENSMUST00000025675.11,nucleus,,,,
Naa40,ENSMUST00000235323.2,nucleoplasm,nucleus,,,
Naa40,ENSMUST00000236628.2,chromatin,nucleoplasm,nucleus,,
Naa40,ENSMUST00000236769.2,nucleoplasm,nucleus,,,
Naa40,ENSMUST00000237834.2,nucleoplasm,,,,
Naaa,ENSMUST00000113102.10,chromatin,nucleus,,,
Naaa,ENSMUST00000159345.8,nucleus,,,,
Naaa,ENSMUST00000159732.2,nucleus,,,,
Naaa,ENSMUST00000161212.2,nucleus,,,,
Nat10,ENSMUST00000090447.12,nucleus,,,,
Nat10,ENSMUST00000133016.8,chromatin,nucleoplasm,nucleus,,
Nat10,ENSMUST00000137050.8,chromatin,nucleoplasm,nucleus,,
Nat10,ENSMUST00000143017.8,chromatin,nucleoplasm,nucleus,,
Nat10,ENSMUST00000144590.9,nucleus,,,,
Nav2,ENSMUST00000064383.7,nucleus,,,,
Nav2,ENSMUST00000183531.2,chromatin,,,,
Nav2,ENSMUST00000183659.8,chromatin,nucleus,,,
Nav2,ENSMUST00000184102.2,nucleus,,,,
Nav2,ENSMUST00000184124.8,chromatin,nucleus,,,
Nav2,ENSMUST00000184462.2,nucleus,,,,
Nav2,ENSMUST00000184809.8,nucleus,,,,
Nav2,ENSMUST00000184928.8,nucleus,,,,
Nav2,ENSMUST00000184945.8,chromatin,cytoplasm,nucleoplasm,nucleus,
Nav2,ENSMUST00000184955.8,nucleus,,,,
Ncam1,ENSMUST00000114476.8,nucleus,,,,
Ncam1,ENSMUST00000166811.9,nucleus,,,,
Ncam1,ENSMUST00000193547.6,cytoplasm,nucleoplasm,nucleus,,
Ncam1,ENSMUST00000194252.6,cytoplasm,nucleus,,,
Neat1,ENSMUST00000173672.4,extracellular,nucleus,,,
Neat1,ENSMUST00000301013.1,nucleus,,,,
Nectin2,ENSMUST00000075447.14,nucleoplasm,nucleus,,,
Nectin2,ENSMUST00000108450.5,nucleus,,,,
Nell2,ENSMUST00000075275.3,nucleus,,,,
Nell2,ENSMUST00000166170.9,nucleoplasm,nucleus,,,
Nell2,ENSMUST00000229933.2,nucleus,,,,
Nell2,ENSMUST00000229981.2,nucleus,,,,
Nes,ENSMUST00000090973.12,cytoplasm,nucleoplasm,nucleus,,
Nes,ENSMUST00000159830.2,nucleus,,,,
Nes,ENSMUST00000160694.2,cytoplasm,nucleoplasm,nucleus,,
Nfasc,ENSMUST00000043189.14,nucleus,,,,
Nfasc,ENSMUST00000094569.11,extracellular,nucleoplasm,nucleus,,
Nfasc,ENSMUST00000163770.8,nucleus,,,,
Nfasc,ENSMUST00000187861.7,extracellular,nucleoplasm,,,
Nfasc,ENSMUST00000188307.2,nucleus,,,,
Nfasc,ENSMUST00000189219.2,nucleus,,,,
Nfasc,ENSMUST00000191294.2,nucleoplasm,nucleus,,,
Nfib,ENSMUST00000050872.15,chromatin,nucleoplasm,nucleus,,
Nfib,ENSMUST00000064770.9,nucleoplasm,nucleus,,,
Nfib,ENSMUST00000107245.9,nucleoplasm,nucleus,,,
Nfib,ENSMUST00000107246.2,nucleus,,,,
Nfib,ENSMUST00000107247.8,chromatin,nucleoplasm,nucleus,,
Nfib,ENSMUST00000107248.8,chromatin,nucleoplasm,nucleus,,
Nfib,ENSMUST00000122918.8,nucleoplasm,,,,
Nfib,ENSMUST00000135024.2,chromatin,nucleoplasm,nucleus,,
Nfib,ENSMUST00000148982.2,nucleus,,,,
Nfic,ENSMUST00000020461.15,nucleoplasm,nucleus,,,
Nfic,ENSMUST00000078185.14,nucleus,,,,
Nfic,ENSMUST00000105321.10,chromatin,extracellular,nucleoplasm,nucleus,
Nfic,ENSMUST00000117966.2,nucleoplasm,nucleus,,,
Nfic,ENSMUST00000140916.8,nucleus,,,,
Nfic,ENSMUST00000221817.2,nucleus,,,,
Nhsl1,ENSMUST00000037341.14,chromatin,cytoplasm,nucleoplasm,nucleus,
Nhsl1,ENSMUST00000100054.4,nucleoplasm,nucleus,,,
Nhsl1,ENSMUST00000160602.8,nucleus,,,,
Nhsl1,ENSMUST00000161510.2,chromatin,nucleoplasm,nucleus,,
Nhsl1,ENSMUST00000162891.8,nucleus,,,,
Nhsl1,ENSMUST00000207038.2,nucleus,,,,
Nlgn4l,ENSMUST00000249668.2,nucleus,,,,
Nlgn4l,ENSMUST00000249669.1,nucleoplasm,nucleus,,,
Nlgn4l,ENSMUST00000249670.1,nucleoplasm,nucleus,,,
Nlgn4l,ENSMUST00000249671.1,nucleus,,,,
Npr2,ENSMUST00000030191.15,nucleus,,,,
Npr2,ENSMUST00000107874.9,chromatin,nucleus,,,
Npr2,ENSMUST00000123883.8,nucleus,,,,
Npr2,ENSMUST00000128549.3,nucleus,,,,
Nr4a1,ENSMUST00000023779.8,nucleus,,,,
Nr4a1,ENSMUST00000228985.2,chromatin,nucleus,,,
Nr6a1,ENSMUST00000076275.11,nucleoplasm,nucleus,,,
Nr6a1,ENSMUST00000112877.8,nucleoplasm,nucleus,,,
Nr6a1,ENSMUST00000142130.2,nucleus,,,,
Nr6a1,ENSMUST00000168098.8,nucleus,,,,
Nr6a1,ENSMUST00000203202.2,extracellular,,,,
Nras,ENSMUST00000029445.13,chromatin,extracellular,nucleus,,
Nras,ENSMUST00000128264.6,nucleus,,,,
Nrcam,ENSMUST00000217796.2,nucleoplasm,nucleus,,,
Nrcam,ENSMUST00000220130.2,chromatin,,,,
Nrip1,ENSMUST00000054178.8,nucleoplasm,nucleus,,,
Nrip1,ENSMUST00000121927.8,nucleoplasm,nucleus,,,
Nrip1,ENSMUST00000128871.2,chromatin,nucleus,,,
Nrip1,ENSMUST00000141182.2,chromatin,nucleus,,,
Nrip1,ENSMUST00000145649.2,nucleus,,,,
Nrp2,ENSMUST00000027112.13,chromatin,nucleus,,,
Nrp2,ENSMUST00000063594.13,chromatin,nucleus,,,
Nrp2,ENSMUST00000075144.12,chromatin,nucleus,,,
Nrp2,ENSMUST00000102822.9,chromatin,nucleus,,,
Nrp2,ENSMUST00000114155.8,chromatin,nucleus,,,
Nrp2,ENSMUST00000114157.3,chromatin,nucleus,,,
Nrp2,ENSMUST00000126344.2,nucleus,,,,
Nudt5,ENSMUST00000026927.10,chromatin,nucleus,,,
Nudt5,ENSMUST00000138549.8,nucleus,,,,
Numa1,ENSMUST00000084852.13,extracellular,nucleus,,,
Numa1,ENSMUST00000163183.2,extracellular,nucleus,,,
Numa1,ENSMUST00000209639.2,nucleus,,,,
Numa1,ENSMUST00000210353.2,nucleus,,,,
Numbl,ENSMUST00000079258.7,extracellular,nucleus,,,
Numbl,ENSMUST00000134215.2,chromatin,extracellular,nucleus,,
Numbl,ENSMUST00000149805.8,chromatin,cytoplasm,extracellular,nucleoplasm,nucleus
Nup205,ENSMUST00000043815.16,chromatin,nucleus,,,
Nup205,ENSMUST00000201374.4,chromatin,nucleus,,,
Nup205,ENSMUST00000201842.2,nucleus,,,,
Nup205,ENSMUST00000202898.2,chromatin,,,,
Olfm1,ENSMUST00000028177.11,nucleoplasm,nucleus,,,
Olfm1,ENSMUST00000100244.10,nucleoplasm,nucleus,,,
Olfm1,ENSMUST00000102879.4,nucleus,,,,
Olfm1,ENSMUST00000113920.8,nucleoplasm,nucleus,,,
Olfm1,ENSMUST00000152415.2,nucleus,,,,
Olfm2,ENSMUST00000034692.9,nucleus,,,,
Olfm2,ENSMUST00000215999.2,chromatin,nucleus,,,
Olfm2,ENSMUST00000217198.2,chromatin,nucleus,,,
Opcml,ENSMUST00000073822.6,chromatin,nucleus,,,
Opcml,ENSMUST00000115243.9,chromatin,nucleus,,,
Opcml,ENSMUST00000126673.2,nucleus,,,,
Opcml,ENSMUST00000133142.2,nucleus,,,,
Pank2,ENSMUST00000131779.8,cytoplasm,nucleus,,,
Pank2,ENSMUST00000138509.8,nucleus,,,,
Pank2,ENSMUST00000150843.9,chromatin,cytoplasm,nucleus,,
Pank2,ENSMUST00000184105.9,cytoplasm,nucleus,,,
Pank2,ENSMUST00000184932.9,chromatin,cytoplasm,nucleus,,
Pcdh7,ENSMUST00000068110.10,nucleus,,,,
Pcdh7,ENSMUST00000094783.7,nucleoplasm,nucleus,,,
Pcdh7,ENSMUST00000191837.6,nucleus,,,,
Pcdh7,ENSMUST00000192287.6,nucleus,,,,
Pcdhga12,ENSMUST00000044851.8,chromatin,nucleoplasm,nucleus,,
Pcdhga12,ENSMUST00000193045.2,chromatin,nucleus,,,
Pclaf,ENSMUST00000045802.7,extracellular,nucleus,,,
Pclaf,ENSMUST00000153841.2,chromatin,nucleus,,,
Pclo,ENSMUST00000030691.17,chromatin,extracellular,nucleoplasm,nucleus,
Pclo,ENSMUST00000182407.8,chromatin,extracellular,nucleoplasm,nucleus,
Pclo,ENSMUST00000182426.3,chromatin,extracellular,nucleoplasm,nucleus,
Pclo,ENSMUST00000182915.2,nucleus,,,,
Pcx,ENSMUST00000068004.13,chromatin,nucleoplasm,nucleus,,
Pcx,ENSMUST00000113825.4,nucleus,,,,
Pcx,ENSMUST00000224726.3,nucleoplasm,nucleus,,,
Pde2a,ENSMUST00000209537.2,chromatin,nucleoplasm,,,
Pde2a,ENSMUST00000209695.2,nucleus,,,,
Pde4b,ENSMUST00000097950.9,nucleus,,,,
Pde4b,ENSMUST00000106901.2,chromatin,nucleus,,,
Pde4b,ENSMUST00000106908.9,nucleoplasm,,,,
Pde4b,ENSMUST00000106911.8,nucleoplasm,nucleus,,,
Pde4dip,ENSMUST00000045243.15,chromatin,extracellular,nucleus,,
Pde4dip,ENSMUST00000090750.12,extracellular,nucleus,,,
Pde4dip,ENSMUST00000107038.6,extracellular,nucleus,,,
Pde4dip,ENSMUST00000163531.4,chromatin,nucleus,,,
Pde4dip,ENSMUST00000168438.9,chromatin,extracellular,nucleus,,
Pde4dip,ENSMUST00000175751.8,chromatin,extracellular,nucleus,,
Pde4dip,ENSMUST00000200063.2,nucleus,,,,
Pdlim5,ENSMUST00000029941.16,chromatin,nucleus,,,
Pdlim5,ENSMUST00000196220.5,nucleus,,,,
Pdlim5,ENSMUST00000196908.5,nucleus,,,,
Pdlim5,ENSMUST00000200043.5,nucleus,,,,
Pdlim7,ENSMUST00000046246.13,nucleus,,,,
Pdlim7,ENSMUST00000069929.13,nucleus,,,,
Pdlim7,ENSMUST00000069968.13,nucleus,,,,
Pdlim7,ENSMUST00000128910.8,nucleus,,,,
Pdlim7,ENSMUST00000131306.8,nucleoplasm,nucleus,,,
Pdlim7,ENSMUST00000153230.8,chromatin,nucleoplasm,nucleus,,
Pdrg1,ENSMUST00000028972.9,nucleus,,,,
Pdrg1,ENSMUST00000140325.2,nucleus,,,,
Pdrg1,ENSMUST00000150545.8,chromatin,nucleus,,,
Pdrg1,ENSMUST00000152072.2,nucleus,,,,
Pdzrn3,ENSMUST00000075994.11,chromatin,nucleus,,,
Pdzrn3,ENSMUST00000144505.2,nucleus,,,,
Peg10,ENSMUST00000176204.8,chromatin,nucleus,,,
Peg10,ENSMUST00000176551.3,nucleus,,,,
Peli2,ENSMUST00000073150.6,chromatin,nucleoplasm,nucleus,,
Peli2,ENSMUST00000081029.3,nucleus,,,,
Peli2,ENSMUST00000226513.2,nucleus,,,,
Peli2,ENSMUST00000226828.2,chromatin,nucleus,,,
Peli2,ENSMUST00000228456.2,nucleus,,,,
Peli2,ENSMUST00000247875.1,chromatin,nucleoplasm,nucleus,,
Phactr1,ENSMUST00000128646.8,chromatin,cytoplasm,nucleoplasm,nucleus,
Phactr1,ENSMUST00000132050.2,nucleus,,,,
Phactr1,ENSMUST00000148891.8,chromatin,cytoplasm,nucleus,,
Phf21b,ENSMUST00000016768.12,chromatin,nucleoplasm,nucleus,,
Phf21b,ENSMUST00000159939.8,nucleoplasm,nucleus,,,
Phf21b,ENSMUST00000162044.8,nucleoplasm,nucleus,,,
Phldb2,ENSMUST00000036355.13,chromatin,nucleus,,,
Phldb2,ENSMUST00000076333.12,nucleus,,,,
Pik3r1,ENSMUST00000055518.13,chromatin,nucleoplasm,nucleus,,
Pik3r1,ENSMUST00000185795.2,nucleus,,,,
Pik3r1,ENSMUST00000189426.2,chromatin,nucleus,,,
Pitpnc1,ENSMUST00000040380.13,nucleus,,,,
Pitpnc1,ENSMUST00000103064.10,chromatin,nucleus,,,
Pkm,ENSMUST00000034834.16,cytoplasm,nucleoplasm,nucleus,,
Pkm,ENSMUST00000214571.2,nucleoplasm,nucleus,,,
Pkm,ENSMUST00000216857.2,nucleoplasm,nucleus,,,
Plagl1,ENSMUST00000121325.8,chromatin,nucleus,,,
Plagl1,ENSMUST00000121646.8,chromatin,nucleoplasm,nucleus,,
Plagl1,ENSMUST00000121766.8,chromatin,nucleus,,,
Plagl1,ENSMUST00000123135.8,nucleus,,,,
Plagl1,ENSMUST00000126880.8,nucleus,,,,
Plagl1,ENSMUST00000129989.8,nucleus,,,,
Plagl1,ENSMUST00000130638.8,nucleus,,,,
Plagl1,ENSMUST00000130894.8,nucleus,,,,
Plagl1,ENSMUST00000135095.8,nucleus,,,,
Plagl1,ENSMUST00000135261.8,nucleus,,,,
Plagl1,ENSMUST00000139262.8,nucleus,,,,
Plagl1,ENSMUST00000144437.8,nucleus,,,,
Plec,ENSMUST00000023226.13,chromatin,cytoplasm,extracellular,nucleus,
Plec,ENSMUST00000054449.14,chromatin,cytoplasm,extracellular,nucleoplasm,nucleus
Plec,ENSMUST00000071869.12,cytoplasm,extracellular,nucleoplasm,nucleus,
Plec,ENSMUST00000072692.11,cytoplasm,extracellular,nucleoplasm,nucleus,
Plec,ENSMUST00000073418.13,chromatin,cytoplasm,extracellular,nucleoplasm,nucleus
Plec,ENSMUST00000074834.12,chromatin,cytoplasm,extracellular,nucleoplasm,nucleus
Plec,ENSMUST00000076442.12,cytoplasm,extracellular,nucleoplasm,nucleus,
Plec,ENSMUST00000080857.12,cytoplasm,extracellular,nucleus,,
Plec,ENSMUST00000089610.10,chromatin,cytoplasm,extracellular,nucleus,
Plec,ENSMUST00000165210.8,extracellular,,,,
Plec,ENSMUST00000169108.8,cytoplasm,extracellular,nucleoplasm,nucleus,
Plec,ENSMUST00000169438.8,cytoplasm,extracellular,nucleus,,
Plec,ENSMUST00000169714.8,chromatin,cytoplasm,extracellular,nucleus,
Plec,ENSMUST00000170915.2,extracellular,,,,
Plec,ENSMUST00000171562.8,cytoplasm,extracellular,nucleoplasm,nucleus,
Plekha6,ENSMUST00000038295.15,chromatin,nucleoplasm,nucleus,,
Plekha6,ENSMUST00000105082.9,nucleus,,,,
Plekha6,ENSMUST00000186917.7,nucleoplasm,nucleus,,,
Plekha6,ENSMUST00000187285.7,nucleoplasm,nucleus,,,
Plekha6,ENSMUST00000190186.7,nucleus,,,,
Plekha6,ENSMUST00000190208.2,nucleus,,,,
Plekha6,ENSMUST00000190694.2,nucleus,,,,
Plekha6,ENSMUST00000190884.2,nucleus,,,,
Plpp7,ENSMUST00000057423.6,nucleus,,,,
Plpp7,ENSMUST00000140762.2,nucleus,,,,
Plpp7,ENSMUST00000146502.2,cytoplasm,nucleus,,,
Plppr3,ENSMUST00000092325.11,extracellular,nucleoplasm,nucleus,,
Plppr3,ENSMUST00000113452.9,extracellular,nucleus,,,
Plppr3,ENSMUST00000165601.8,nucleus,,,,
Plppr3,ENSMUST00000166057.8,extracellular,nucleoplasm,nucleus,,
Plppr3,ENSMUST00000167250.8,chromatin,nucleoplasm,nucleus,,
Plppr3,ENSMUST00000167707.2,nucleus,,,,
Plxna3,ENSMUST00000004326.4,extracellular,nucleoplasm,nucleus,,
Plxna3,ENSMUST00000139323.2,nucleus,,,,
Plxna3,ENSMUST00000154062.8,extracellular,nucleus,,,
Plxnb3,ENSMUST00000002079.7,extracellular,nucleus,,,
Plxnb3,ENSMUST00000149478.8,extracellular,nucleus,,,
Plxnb3,ENSMUST00000155096.2,cytoplasm,,,,
Polr2f,ENSMUST00000040077.8,extracellular,,,,
Polr2f,ENSMUST00000229762.2,extracellular,,,,
Polr2f,ENSMUST00000229973.2,extracellular,,,,
Polr2f,ENSMUST00000229978.2,extracellular,nucleus,,,
Polr2f,ENSMUST00000230271.2,extracellular,,,,
Ppfibp2,ENSMUST00000207852.2,chromatin,nucleoplasm,,,
Ppfibp2,ENSMUST00000208504.2,nucleoplasm,,,,
Ppp1r14b,ENSMUST00000070850.8,cytoplasm,nucleoplasm,nucleus,,
Ppp1r14b,ENSMUST00000236218.2,nucleus,,,,
Ppp1r14b,ENSMUST00000237084.2,chromatin,nucleoplasm,nucleus,,
Ppp1r14b,ENSMUST00000237235.2,chromatin,nucleus,,,
Ppp2r2b,ENSMUST00000025377.14,chromatin,nucleus,,,
Ppp2r2b,ENSMUST00000117687.8,chromatin,nucleoplasm,nucleus,,
Ppp2r2b,ENSMUST00000120632.2,nucleus,,,,
Ppp2r2b,ENSMUST00000136118.8,nucleus,,,,
Prc1,ENSMUST00000047558.14,nucleus,,,,
Prc1,ENSMUST00000163812.9,nucleus,,,,
Prc1,ENSMUST00000172911.8,chromatin,nucleus,,,
Prc1,ENSMUST00000173824.8,nucleus,,,,
Prc1,ENSMUST00000173914.3,nucleus,,,,
Prc1,ENSMUST00000174051.8,nucleus,,,,
Prc1,ENSMUST00000174172.8,nucleus,,,,
Prdm4,ENSMUST00000037646.9,chromatin,nucleus,,,
Prdm4,ENSMUST00000218289.2,nucleus,,,,
Prdm4,ENSMUST00000218969.2,nucleus,,,,
Prdm4,ENSMUST00000219370.2,nucleus,,,,
Prdm4,ENSMUST00000220032.2,nucleus,,,,
Prickle1,ENSMUST00000048982.11,cytoplasm,nucleus,,,
Prickle1,ENSMUST00000109255.3,cytoplasm,extracellular,nucleus,,
Prickle2,ENSMUST00000032093.12,chromatin,nucleus,,,
Prickle2,ENSMUST00000113445.2,nucleus,,,,
Prickle2,ENSMUST00000113446.8,nucleus,,,,
Prickle2,ENSMUST00000113447.8,chromatin,nucleus,,,
Prkcb,ENSMUST00000064921.5,nucleus,,,,
Prkcb,ENSMUST00000064989.12,nucleus,,,,
Prkcb,ENSMUST00000143692.8,chromatin,nucleus,,,
Prkcb,ENSMUST00000205550.2,nucleus,,,,
Prkg1,ENSMUST00000065067.14,chromatin,nucleus,,,
Prkg1,ENSMUST00000182527.2,nucleus,,,,
Prkg1,ENSMUST00000182685.2,nucleus,,,,
Prmt6,ENSMUST00000106567.2,nucleus,,,,
Prmt6,ENSMUST00000168412.3,nucleoplasm,nucleus,,,
Prmt6,ENSMUST00000190378.2,chromatin,nucleus,,,
Prox1,ENSMUST00000010319.14,nucleus,,,,
Prox1,ENSMUST00000175916.8,chromatin,nucleus,,,
Prox1,ENSMUST00000177288.4,nucleus,,,,
Psen2,ENSMUST00000111104.2,chromatin,,,,
Psen2,ENSMUST00000111105.8,chromatin,,,,
Psen2,ENSMUST00000111108.10,chromatin,nucleus,,,
Ptcd3,ENSMUST00000205691.2,nucleus,,,,
Ptcd3,ENSMUST00000205761.2,chromatin,nucleus,,,
Pter,ENSMUST00000028063.7,chromatin,,,,
Pter,ENSMUST00000134794.8,nucleus,,,,
Ptk2,ENSMUST00000110036.11,chromatin,,,,
Ptk2,ENSMUST00000226988.3,chromatin,nucleus,,,
Ptk2,ENSMUST00000227435.2,chromatin,nucleus,,,
Ptk2,ENSMUST00000227569.2,chromatin,nucleus,,,
Ptk2,ENSMUST00000239146.2,chromatin,,,,
Ptp4a3,ENSMUST00000053232.8,nucleoplasm,nucleus,,,
Ptp4a3,ENSMUST00000163582.9,chromatin,nucleoplasm,nucleus,,
Ptp4a3,ENSMUST00000165541.8,chromatin,nucleoplasm,nucleus,,
Ptp4a3,ENSMUST00000167582.8,chromatin,nucleoplasm,nucleus,,
Ptp4a3,ENSMUST00000229339.2,chromatin,nucleoplasm,nucleus,,
Ptp4a3,ENSMUST00000230044.2,nucleus,,,,
Ptp4a3,ENSMUST00000230177.2,nucleoplasm,nucleus,,,
Ptp4a3,ENSMUST00000230307.2,nucleus,,,,
Ptpn13,ENSMUST00000048957.11,chromatin,nucleoplasm,,,
Ptpn13,ENSMUST00000196014.5,nucleus,,,,
Ptpn13,ENSMUST00000196800.2,chromatin,nucleus,,,
Ptpn13,ENSMUST00000199412.5,nucleus,,,,
Ptprm,ENSMUST00000037974.10,nucleoplasm,,,,
Ptprm,ENSMUST00000224091.2,nucleoplasm,nucleus,,,
Ptpro,ENSMUST00000077115.13,mitochondrion,nucleus,,,
Ptpro,ENSMUST00000167002.4,mitochondrion,,,,
Ptpro,ENSMUST00000167679.8,mitochondrion,nucleus,,,
Ptpro,ENSMUST00000203010.2,chromatin,nucleus,,,
Ptpro,ENSMUST00000203914.2,mitochondrion,,,,
Ptprs,ENSMUST00000067538.6,extracellular,nucleoplasm,nucleus,,
Ptprs,ENSMUST00000086828.10,nucleus,,,,
Ptprs,ENSMUST00000143018.2,nucleus,,,,
Ptprs,ENSMUST00000223671.2,nucleus,,,,
Ptprs,ENSMUST00000223691.2,nucleus,,,,
Ptprs,ENSMUST00000223742.2,nucleus,,,,
Ptprs,ENSMUST00000223783.2,nucleus,,,,
Ptprs,ENSMUST00000223859.2,nucleus,,,,
Ptprs,ENSMUST00000224193.2,nucleoplasm,nucleus,,,
Ptprs,ENSMUST00000224571.2,nucleus,,,,
Ptprs,ENSMUST00000225104.2,nucleus,,,,
Ptprs,ENSMUST00000225456.2,nucleus,,,,
Ptprz1,ENSMUST00000090568.7,chromatin,nucleus,,,
Ptprz1,ENSMUST00000202102.2,nucleus,,,,
Ptprz1,ENSMUST00000202579.4,chromatin,nucleus,,,
Pum2,ENSMUST00000020915.10,nucleoplasm,,,,
Pum2,ENSMUST00000111122.9,cytoplasm,nucleoplasm,nucleus,,
Pum2,ENSMUST00000111123.9,nucleoplasm,nucleus,,,
Pum2,ENSMUST00000165293.8,nucleoplasm,nucleus,,,
Pum2,ENSMUST00000168361.8,nucleoplasm,nucleus,,,
Pum2,ENSMUST00000169177.8,nucleus,,,,
Pum2,ENSMUST00000178015.8,nucleoplasm,nucleus,,,
Qsox1,ENSMUST00000035325.15,cytoplasm,nucleoplasm,nucleus,,
Qsox1,ENSMUST00000111764.8,cytoplasm,nucleoplasm,nucleus,,
Qsox1,ENSMUST00000140809.2,chromatin,nucleoplasm,nucleus,,
Qsox1,ENSMUST00000194632.2,cytoplasm,nucleoplasm,nucleus,,
Qsox1,ENSMUST00000195419.2,chromatin,cytoplasm,nucleoplasm,nucleus,
Rab27a,ENSMUST00000034722.5,nucleus,,,,
Rab27a,ENSMUST00000184032.2,nucleus,,,,
Rab27a,ENSMUST00000184146.8,chromatin,nucleus,,,
Rab3il1,ENSMUST00000113161.10,chromatin,nucleus,,,
Rab3il1,ENSMUST00000121418.8,nucleus,,,,
Rab3il1,ENSMUST00000238672.2,chromatin,nucleoplasm,nucleus,,
Rabep2,ENSMUST00000106405.2,nucleoplasm,,,,
Rabep2,ENSMUST00000133300.2,nucleus,,,,
Rabep2,ENSMUST00000141764.2,extracellular,,,,
Rabep2,ENSMUST00000151304.8,nucleoplasm,nucleus,,,
Rabgap1l,ENSMUST00000028049.13,nucleus,,,,
Rabgap1l,ENSMUST00000028052.12,chromatin,nucleus,,,
Rabgap1l,ENSMUST00000192281.2,chromatin,nucleus,,,
Rabgap1l,ENSMUST00000193115.2,nucleus,,,,
Rabgap1l,ENSMUST00000193729.2,nucleus,,,,
Rabgap1l,ENSMUST00000195442.6,nucleus,,,,
Rad54l,ENSMUST00000139147.2,chromatin,,,,
Rad54l,ENSMUST00000143089.2,nucleus,,,,
Ralgds,ENSMUST00000028170.15,chromatin,nucleus,,,
Ralgds,ENSMUST00000100241.10,nucleus,,,,
Ralgds,ENSMUST00000113893.8,chromatin,nucleoplasm,nucleus,,
Ralgds,ENSMUST00000130281.2,extracellular,,,,
Ralgds,ENSMUST00000135803.8,nucleus,,,,
Ralgds,ENSMUST00000137513.8,chromatin,nucleus,,,
Ralgds,ENSMUST00000238699.2,nucleus,,,,
Rapgef6,ENSMUST00000101206.10,chromatin,nucleus,,,
Rapgef6,ENSMUST00000102743.10,chromatin,nucleus,,,
Rapgef6,ENSMUST00000108895.8,nucleus,,,,
Rapgef6,ENSMUST00000139360.2,nucleus,,,,
Rapgef6,ENSMUST00000155132.8,nucleus,,,,
Rapgef6,ENSMUST00000207429.2,nucleus,,,,
Rapgef6,ENSMUST00000239168.2,nucleus,,,,
Rara,ENSMUST00000068133.10,chromatin,nucleoplasm,nucleus,,
Rara,ENSMUST00000107473.3,chromatin,nucleoplasm,nucleus,,
Rara,ENSMUST00000107474.8,nucleoplasm,nucleus,,,
Rara,ENSMUST00000107475.9,nucleus,,,,
Rara,ENSMUST00000164748.8,nucleoplasm,nucleus,,,
Rarg,ENSMUST00000043172.15,nucleoplasm,nucleus,,,
Rarg,ENSMUST00000063339.14,nucleus,,,,
Rasal2,ENSMUST00000078308.13,chromatin,nucleoplasm,nucleus,,
Rasal2,ENSMUST00000143080.2,nucleoplasm,nucleus,,,
Rasgef1b,ENSMUST00000031276.15,nucleus,,,,
Rasgef1b,ENSMUST00000142639.2,nucleus,,,,
Rasgef1b,ENSMUST00000146396.8,chromatin,nucleus,,,
Rasgef1b,ENSMUST00000160803.2,nucleus,,,,
Rasgef1b,ENSMUST00000161148.2,chromatin,nucleus,,,
Rasgef1b,ENSMUST00000161516.2,chromatin,nucleus,,,
Rasgef1b,ENSMUST00000168092.8,nucleus,,,,
Rbfox2,ENSMUST00000048145.13,nucleoplasm,nucleus,,,
Rbfox2,ENSMUST00000171751.10,chromatin,nucleoplasm,nucleus,,
Rbfox2,ENSMUST00000228582.2,nucleus,,,,
Reep6,ENSMUST00000105354.8,nucleoplasm,nucleus,,,
Reep6,ENSMUST00000105355.8,nucleoplasm,nucleus,,,
Reep6,ENSMUST00000105357.2,nucleoplasm,nucleus,,,
Reep6,ENSMUST00000105358.8,nucleoplasm,nucleus,,,
Reep6,ENSMUST00000153167.2,nucleus,,,,
Reep6,ENSMUST00000186864.7,nucleus,,,,
Rhbdf2,ENSMUST00000103028.8,nucleus,,,,
Rhbdf2,ENSMUST00000126819.2,chromatin,nucleus,,,
Rims2,ENSMUST00000082054.12,nucleoplasm,nucleus,,,
Rims2,ENSMUST00000226410.2,nucleus,,,,
Rims2,ENSMUST00000227243.2,chromatin,nucleus,,,
Rims2,ENSMUST00000227381.2,nucleus,,,,
Rims2,ENSMUST00000227469.2,nucleus,,,,
Rims2,ENSMUST00000228460.2,nucleus,,,,
Rnd2,ENSMUST00000001347.7,nucleoplasm,nucleus,,,
Rnd2,ENSMUST00000134980.2,nucleus,,,,
Rnd2,ENSMUST00000153185.8,nucleus,,,,
Robo2,ENSMUST00000116586.5,extracellular,nucleus,,,
Robo2,ENSMUST00000117200.8,extracellular,nucleus,,,
Robo2,ENSMUST00000117785.9,extracellular,nucleus,,,
Robo2,ENSMUST00000138852.3,nucleus,,,,
Robo2,ENSMUST00000226478.2,chromatin,extracellular,nucleus,,
Robo2,ENSMUST00000227347.3,extracellular,nucleus,,,
Robo2,ENSMUST00000249913.1,chromatin,extracellular,nucleus,,
Robo2,ENSMUST00000381842.1,extracellular,nucleus,,,
Rora,ENSMUST00000034766.14,cytoplasm,nucleus,,,
Rora,ENSMUST00000113624.3,cytoplasm,nucleoplasm,nucleus,,
Rpa1,ENSMUST00000000767.6,nucleus,,,,
Rpa1,ENSMUST00000092907.12,chromatin,extracellular,nucleus,,
Rps24,ENSMUST00000224568.2,nucleus,,,,
Rps24,ENSMUST00000224569.2,nucleus,,,,
Rps24,ENSMUST00000225023.2,nucleus,,,,
Rps24,ENSMUST00000225994.2,chromatin,extracellular,,,
Rps25,ENSMUST00000213116.2,nucleus,,,,
Rps25,ENSMUST00000215610.2,nucleus,,,,
Rps25,ENSMUST00000217620.2,extracellular,,,,
Rrm2,ENSMUST00000020980.12,chromatin,nucleus,,,
Rrm2,ENSMUST00000147789.2,nucleus,,,,
Rtn2,ENSMUST00000032559.17,nucleoplasm,nucleus,,,
Rtn2,ENSMUST00000209186.2,chromatin,nucleoplasm,nucleus,,
Rufy2,ENSMUST00000119567.8,chromatin,nucleus,,,
Rufy2,ENSMUST00000122231.8,chromatin,nucleus,,,
Rufy2,ENSMUST00000131718.8,nucleus,,,,
Rufy2,ENSMUST00000143594.8,chromatin,nucleus,,,
Rufy2,ENSMUST00000148259.2,nucleus,,,,
Rundc3a,ENSMUST00000006750.8,nucleoplasm,nucleus,,,
Rundc3a,ENSMUST00000107102.8,chromatin,nucleoplasm,nucleus,,
Rundc3a,ENSMUST00000107103.8,chromatin,nucleoplasm,nucleus,,
Rundc3a,ENSMUST00000107105.9,chromatin,nucleoplasm,nucleus,,
Rundc3a,ENSMUST00000131219.2,nucleus,,,,
Rundc3a,ENSMUST00000146330.8,extracellular,nucleus,,,
Rusc1,ENSMUST00000052539.13,nucleus,,,,
Rusc1,ENSMUST00000090929.12,nucleoplasm,nucleus,,,
Rusc1,ENSMUST00000166687.6,nucleus,,,,
Rusc1,ENSMUST00000200357.2,nucleus,,,,
Rusc2,ENSMUST00000035645.13,chromatin,nucleoplasm,nucleus,,
Rusc2,ENSMUST00000098106.10,chromatin,nucleoplasm,nucleus,,
Rusc2,ENSMUST00000125393.8,chromatin,nucleus,,,
Rusc2,ENSMUST00000125399.3,chromatin,nucleoplasm,nucleus,,
Rusc2,ENSMUST00000131037.3,nucleoplasm,nucleus,,,
Rusc2,ENSMUST00000131668.4,chromatin,nucleoplasm,nucleus,,
Rusc2,ENSMUST00000139198.3,nucleus,,,,
Rusc2,ENSMUST00000144911.9,ER,chromatin,nucleoplasm,nucleus,
Rusc2,ENSMUST00000173682.9,nucleoplasm,nucleus,,,
Sall4,ENSMUST00000029061.12,extracellular,nucleoplasm,nucleus,,
Sall4,ENSMUST00000075044.10,nucleus,,,,
Sall4,ENSMUST00000103074.2,extracellular,nucleus,,,
Sall4,ENSMUST00000137536.2,extracellular,,,,
Samd5,ENSMUST00000100070.5,chromatin,nucleus,,,
Samd5,ENSMUST00000250001.1,nucleus,,,,
Sap130,ENSMUST00000234461.2,nucleus,,,,
Sap130,ENSMUST00000234760.2,nucleus,,,,
Sap130,ENSMUST00000234769.2,chromatin,extracellular,mitochondrion,nucleoplasm,nucleus
Sap130,ENSMUST00000234846.2,nucleus,,,,
Sap130,ENSMUST00000235017.2,mitochondrion,nucleus,,,
Sap130,ENSMUST00000381754.1,chromatin,mitochondrion,nucleus,,
Sbno2,ENSMUST00000042771.8,nucleus,,,,
Sbno2,ENSMUST00000217683.2,nucleus,,,,
Sbno2,ENSMUST00000217876.2,nucleus,,,,
Sbno2,ENSMUST00000217972.2,nucleus,,,,
Sbno2,ENSMUST00000218310.2,nucleus,,,,
Sbno2,ENSMUST00000218630.2,nucleus,,,,
Sbno2,ENSMUST00000219258.2,nucleoplasm,nucleus,,,
Sbno2,ENSMUST00000219260.2,nucleus,,,,
Scarb1,ENSMUST00000086075.13,nucleoplasm,,,,
Scarb1,ENSMUST00000111390.8,nucleoplasm,,,,
Scarb1,ENSMUST00000124582.2,nucleus,,,,
Scarb1,ENSMUST00000135736.2,nucleus,,,,
Scarb1,ENSMUST00000148373.8,nucleus,,,,
Scn9a,ENSMUST00000100063.9,chromatin,nucleus,,,
Scn9a,ENSMUST00000100064.9,chromatin,nucleus,,,
Scn9a,ENSMUST00000112354.3,nucleus,,,,
Scn9a,ENSMUST00000141603.3,nucleus,,,,
Scn9a,ENSMUST00000151234.2,nucleus,,,,
Scrib,ENSMUST00000002603.12,nucleoplasm,nucleus,,,
Scrib,ENSMUST00000063747.12,ER,nucleoplasm,nucleus,,
Scrib,ENSMUST00000109946.9,nucleoplasm,nucleus,,,
Scrib,ENSMUST00000136390.8,nucleus,,,,
Scrib,ENSMUST00000230217.2,nucleus,,,,
Scrib,ENSMUST00000231218.2,nucleus,,,,
Sec31a,ENSMUST00000094578.11,nucleus,,,,
Sec31a,ENSMUST00000182171.2,extracellular,nucleus,,,
Sec31a,ENSMUST00000182569.2,nucleus,,,,
Sema3d,ENSMUST00000030868.11,chromatin,nucleoplasm,nucleus,,
Sema3d,ENSMUST00000196618.5,nucleus,,,,
Sema3d,ENSMUST00000197927.2,chromatin,nucleus,,,
Sema4b,ENSMUST00000032754.9,chromatin,nucleus,,,
Sema4b,ENSMUST00000107383.8,nucleus,,,,
Sema4b,ENSMUST00000123023.3,nucleus,,,,
Sema4b,ENSMUST00000205822.2,chromatin,nucleus,,,
Sema4c,ENSMUST00000114991.8,chromatin,nucleoplasm,nucleus,,
Sema4c,ENSMUST00000191642.6,chromatin,nucleoplasm,nucleus,,
Sema4c,ENSMUST00000191677.6,chromatin,nucleoplasm,nucleus,,
Sema4c,ENSMUST00000195339.3,nucleus,,,,
Sema4c,ENSMUST00000195620.6,chromatin,nucleoplasm,nucleus,,
Septin5,ENSMUST00000096987.7,nucleoplasm,nucleus,,,
Septin5,ENSMUST00000231244.2,nucleus,,,,
Septin5,ENSMUST00000232653.2,nucleoplasm,nucleus,,,
Septin5,ENSMUST00000249323.1,nucleus,,,,
Sh3bp5,ENSMUST00000091903.5,chromatin,nucleoplasm,nucleus,,
Sh3bp5,ENSMUST00000100730.10,nucleus,,,,
Sh3bp5,ENSMUST00000140002.8,nucleus,,,,
Sh3glb1,ENSMUST00000163279.6,chromatin,nucleoplasm,nucleus,,
Sh3glb1,ENSMUST00000198254.5,chromatin,nucleoplasm,nucleus,,
Sh3glb1,ENSMUST00000199531.5,nucleus,,,,
Sh3glb1,ENSMUST00000199854.5,chromatin,nucleus,,,
Sh3pxd2b,ENSMUST00000038753.6,nucleoplasm,nucleus,,,
Sh3pxd2b,ENSMUST00000138771.2,chromatin,nucleoplasm,nucleus,,
Sh3pxd2b,ENSMUST00000239041.2,ER,nucleus,,,
Shc1,ENSMUST00000039110.12,chromatin,nucleoplasm,nucleus,,
Shc1,ENSMUST00000094378.10,nucleoplasm,nucleus,,,
Shc1,ENSMUST00000107417.9,chromatin,nucleoplasm,nucleus,,
Shc1,ENSMUST00000146306.2,nucleus,,,,
Shc1,ENSMUST00000153334.2,nucleoplasm,nucleus,,,
Shc1,ENSMUST00000191485.7,chromatin,nucleoplasm,nucleus,,
Shroom2,ENSMUST00000062317.5,chromatin,nucleus,,,
Shroom2,ENSMUST00000101141.9,chromatin,nucleus,,,
Shroom2,ENSMUST00000137217.8,nucleus,,,,
Sipa1l1,ENSMUST00000053969.7,chromatin,cytoplasm,nucleus,,
Sipa1l1,ENSMUST00000166429.9,cytoplasm,nucleus,,,
Sipa1l1,ENSMUST00000220766.2,nucleus,,,,
Sipa1l1,ENSMUST00000220963.2,chromatin,nucleus,,,
Sipa1l1,ENSMUST00000222298.2,chromatin,cytoplasm,nucleus,,
Sipa1l1,ENSMUST00000222714.2,nucleus,,,,
Sipa1l2,ENSMUST00000108775.2,nucleus,,,,
Sipa1l2,ENSMUST00000212168.2,nucleoplasm,nucleus,,,
Sipa1l2,ENSMUST00000212604.2,nucleoplasm,nucleus,,,
Sipa1l2,ENSMUST00000212987.2,nucleus,,,,
Sirpa,ENSMUST00000049262.14,chromatin,nucleoplasm,nucleus,,
Sirpa,ENSMUST00000099113.10,chromatin,nucleoplasm,nucleus,,
Sirpa,ENSMUST00000103202.10,chromatin,nucleoplasm,nucleus,,
Sirpa,ENSMUST00000103203.8,chromatin,nucleoplasm,nucleus,,
Sirpa,ENSMUST00000161620.8,chromatin,nucleoplasm,nucleus,,
Sirpa,ENSMUST00000163034.8,nucleus,,,,
Sirpa,ENSMUST00000179001.8,chromatin,nucleoplasm,nucleus,,
Skp2,ENSMUST00000096482.10,chromatin,nucleus,,,
Skp2,ENSMUST00000110585.10,chromatin,nucleus,,,
Skp2,ENSMUST00000190406.2,nucleus,,,,
Slc16a7,ENSMUST00000063318.10,nucleus,,,,
Slc16a7,ENSMUST00000105257.4,nucleus,,,,
Slc16a7,ENSMUST00000210069.2,nucleus,,,,
Slc16a7,ENSMUST00000210780.2,chromatin,nucleus,,,
Slc16a7,ENSMUST00000211781.2,chromatin,nucleus,,,
Slc1a4,ENSMUST00000004634.7,extracellular,nucleus,,,
Slc1a4,ENSMUST00000109594.8,chromatin,extracellular,nucleus,,
Slc35b2,ENSMUST00000041353.7,nucleoplasm,nucleus,,,
Slc35b2,ENSMUST00000224559.2,nucleoplasm,nucleus,,,
Slc35b2,ENSMUST00000224905.2,nucleus,,,,
Slc35b2,ENSMUST00000225226.2,nucleus,,,,
Slc35b2,ENSMUST00000226086.2,nucleus,,,,
Slc38a7,ENSMUST00000040481.4,nucleoplasm,nucleus,,,
Slc38a7,ENSMUST00000212270.2,nucleus,,,,
Slc38a7,ENSMUST00000212628.2,nucleus,,,,
Slc43a2,ENSMUST00000042561.14,chromatin,nucleoplasm,nucleus,,
Slc43a2,ENSMUST00000108433.8,nucleus,,,,
Slc43a2,ENSMUST00000145901.8,nucleus,,,,
Slc43a2,ENSMUST00000169547.9,chromatin,nucleoplasm,nucleus,,
Slc44a2,ENSMUST00000034697.8,chromatin,nucleus,,,
Slc44a2,ENSMUST00000213499.2,nucleus,,,,
Slc44a2,ENSMUST00000215574.2,chromatin,nucleus,,,
Slc44a2,ENSMUST00000217453.2,nucleus,,,,
Slc44a2,ENSMUST00000217461.2,chromatin,nucleus,,,
Slco3a1,ENSMUST00000026897.14,nucleoplasm,nucleus,,,
Slco3a1,ENSMUST00000098371.9,nucleus,,,,
Slco3a1,ENSMUST00000107453.8,nucleus,,,,
Slco3a1,ENSMUST00000138099.2,nucleus,,,,
Sltm,ENSMUST00000213362.2,chromatin,extracellular,nucleoplasm,,
Sltm,ENSMUST00000215714.2,nucleus,,,,
Sltm,ENSMUST00000216816.2,nucleus,,,,
Smim1,ENSMUST00000125533.9,nucleoplasm,nucleus,,,
Smim1,ENSMUST00000126119.8,nucleus,,,,
Smim1,ENSMUST00000131325.3,nucleus,,,,
Smim1,ENSMUST00000143047.8,nucleus,,,,
Smim1,ENSMUST00000146054.8,nucleus,,,,
Smim1,ENSMUST00000182151.8,nucleus,,,,
Smim1,ENSMUST00000182191.8,nucleus,,,,
Smim8,ENSMUST00000108131.8,nucleus,,,,
Smim8,ENSMUST00000108133.10,nucleus,,,,
Smim8,ENSMUST00000147396.2,extracellular,nucleus,,,
Smtn,ENSMUST00000020721.15,nucleoplasm,nucleus,,,
Smtn,ENSMUST00000075118.10,nucleoplasm,nucleus,,,
Smtn,ENSMUST00000110011.8,nucleus,,,,
Smtn,ENSMUST00000154861.8,nucleoplasm,nucleus,,,
Smtn,ENSMUST00000170588.8,nucleoplasm,nucleus,,,
Snrk,ENSMUST00000118886.9,chromatin,extracellular,nucleoplasm,nucleus,
Snrk,ENSMUST00000120173.9,chromatin,extracellular,nucleoplasm,nucleus,
Snrk,ENSMUST00000145384.2,nucleus,,,,
Snrk,ENSMUST00000151872.2,extracellular,,,,
Sntb1,ENSMUST00000039769.13,chromatin,nucleus,,,
Sntb1,ENSMUST00000110200.3,nucleus,,,,
Sorbs3,ENSMUST00000022682.6,nucleoplasm,,,,
Sorbs3,ENSMUST00000227259.2,cytoplasm,,,,
Sorbs3,ENSMUST00000227653.2,cytoplasm,,,,
Sox5,ENSMUST00000038815.14,chromatin,nucleus,,,
Sox5,ENSMUST00000111749.8,nucleus,,,,
Sox5,ENSMUST00000129050.8,nucleus,,,,
Sox5,ENSMUST00000141102.8,nucleus,,,,
Sox5,ENSMUST00000142294.8,nucleus,,,,
Sox5,ENSMUST00000149451.8,nucleus,,,,
Sox5,ENSMUST00000170367.9,chromatin,nucleus,,,
Sox8,ENSMUST00000025003.11,extracellular,nucleus,,,
Sox8,ENSMUST00000173447.3,nucleus,,,,
Sox8,ENSMUST00000249782.1,chromatin,extracellular,nucleus,,
Spon1,ENSMUST00000046687.16,nucleoplasm,nucleus,,,
Spon1,ENSMUST00000084696.6,chromatin,nucleoplasm,nucleus,,
Sppl2b,ENSMUST00000035597.10,extracellular,nucleus,,,
Sppl2b,ENSMUST00000218789.2,extracellular,nucleus,,,
Sppl2b,ENSMUST00000219136.2,nucleus,,,,
Sppl2b,ENSMUST00000220091.2,extracellular,nucleus,,,
Spry1,ENSMUST00000038569.8,extracellular,nucleus,,,
Spry1,ENSMUST00000108107.2,extracellular,nucleus,,,
Spry1,ENSMUST00000108109.8,chromatin,extracellular,nucleus,,
Spsb4,ENSMUST00000055433.5,nucleoplasm,nucleus,,,
Spsb4,ENSMUST00000064445.2,nucleus,,,,
Srgap1,ENSMUST00000020322.12,chromatin,nucleus,,,
Srgap1,ENSMUST00000081688.13,chromatin,nucleus,,,
Srgap1,ENSMUST00000161996.2,nucleus,,,,
St3gal6,ENSMUST00000114357.10,nucleus,,,,
St3gal6,ENSMUST00000114358.9,nucleus,,,,
St3gal6,ENSMUST00000126978.8,nucleus,,,,
St3gal6,ENSMUST00000137035.8,chromatin,nucleus,,,
St3gal6,ENSMUST00000145283.2,nucleus,,,,
St6gal1,ENSMUST00000023601.14,nucleus,,,,
St6gal1,ENSMUST00000115335.2,nucleus,,,,
St6gal1,ENSMUST00000178797.8,nucleoplasm,nucleus,,,
Stat3,ENSMUST00000092671.12,nucleus,,,,
Stat3,ENSMUST00000103114.8,chromatin,nucleus,,,
Stat3,ENSMUST00000127638.8,nucleus,,,,
Stat3,ENSMUST00000137093.8,nucleus,,,,
Stat3,ENSMUST00000138438.2,nucleus,,,,
Stat3,ENSMUST00000146971.2,nucleus,,,,
Stxbp2,ENSMUST00000004745.9,nucleus,,,,
Stxbp2,ENSMUST00000159370.8,nucleus,,,,
Stxbp2,ENSMUST00000160708.8,nucleus,,,,
Stxbp2,ENSMUST00000161629.8,nucleus,,,,
Stxbp2,ENSMUST00000162737.8,chromatin,nucleus,,,
Stxbp2,ENSMUST00000162832.2,nucleus,,,,
Supt20,ENSMUST00000199674.5,nucleus,,,,
Supt20,ENSMUST00000200024.5,nucleus,,,,
Supt20,ENSMUST00000200439.2,chromatin,nucleus,,,
Supt20,ENSMUST00000200441.5,nucleus,,,,
Syn3,ENSMUST00000120638.8,nucleus,,,,
Syn3,ENSMUST00000121789.2,chromatin,nucleus,,,
Syn3,ENSMUST00000123783.8,nucleus,,,,
Syn3,ENSMUST00000139197.2,chromatin,nucleus,,,
Syn3,ENSMUST00000145864.8,nucleus,,,,
Syngr1,ENSMUST00000009727.12,chromatin,nucleoplasm,nucleus,,
Syngr1,ENSMUST00000009728.13,nucleus,,,,
Syt1,ENSMUST00000064054.14,chromatin,extracellular,nucleus,,
Syt1,ENSMUST00000105276.8,chromatin,extracellular,nucleus,,
Syt1,ENSMUST00000146618.2,extracellular,nucleus,,,
Tanc2,ENSMUST00000089485.6,nucleus,,,,
Tanc2,ENSMUST00000100330.10,nucleoplasm,nucleus,,,
Tanc2,ENSMUST00000146162.8,nucleus,,,,
Tanc2,ENSMUST00000147975.2,nucleus,,,,
Tanc2,ENSMUST00000168598.8,nucleus,,,,
Tbc1d10a,ENSMUST00000041042.13,extracellular,nucleus,,,
Tbc1d10a,ENSMUST00000147485.8,nucleus,,,,
Tbc1d10a,ENSMUST00000180088.2,extracellular,nucleus,,,
Tbx20,ENSMUST00000052946.12,chromatin,nucleus,,,
Tbx20,ENSMUST00000217597.2,nucleus,,,,
Tbx3,ENSMUST00000018748.9,chromatin,nucleoplasm,nucleus,,
Tbx3,ENSMUST00000079719.11,nucleus,,,,
Tbx3,ENSMUST00000121021.8,chromatin,nucleoplasm,nucleus,,
Tbx3,ENSMUST00000202034.2,nucleus,,,,
Tef,ENSMUST00000023024.8,nucleus,,,,
Tef,ENSMUST00000109553.10,extracellular,nucleus,,,
Tef,ENSMUST00000164673.2,nucleus,,,,
Tef,ENSMUST00000166302.2,nucleus,,,,
Telo2,ENSMUST00000024987.6,nucleoplasm,nucleus,,,
Telo2,ENSMUST00000115181.9,nucleoplasm,nucleus,,,
Telo2,ENSMUST00000130525.2,nucleus,,,,
Telo2,ENSMUST00000139196.2,nucleus,,,,
Telo2,ENSMUST00000152460.2,nucleus,,,,
Telo2,ENSMUST00000155607.8,nucleus,,,,
Telo2,ENSMUST00000156698.2,nucleus,,,,
Tenm4,ENSMUST00000107162.8,nucleoplasm,nucleus,,,
Tenm4,ENSMUST00000107165.8,nucleus,,,,
Tenm4,ENSMUST00000107166.8,nucleoplasm,nucleus,,,
Tenm4,ENSMUST00000129445.8,nucleoplasm,nucleus,,,
Tenm4,ENSMUST00000131541.2,nucleus,,,,
Tfdp2,ENSMUST00000034982.16,chromatin,nucleus,,,
Tfdp2,ENSMUST00000165120.9,nucleus,,,,
Tfdp2,ENSMUST00000185644.7,nucleus,,,,
Tfdp2,ENSMUST00000188750.7,nucleus,,,,
Tfdp2,ENSMUST00000190689.2,nucleus,,,,
Tfdp2,ENSMUST00000190709.7,nucleus,,,,
Tfdp2,ENSMUST00000191390.2,nucleus,,,,
Timp3,ENSMUST00000020234.14,nucleoplasm,nucleus,,,
Timp3,ENSMUST00000151134.2,nucleus,,,,
Tle3,ENSMUST00000034820.16,nucleoplasm,nucleus,,,
Tle3,ENSMUST00000159140.2,nucleus,,,,
Tle3,ENSMUST00000159386.8,chromatin,nucleoplasm,nucleus,,
Tle3,ENSMUST00000159630.8,chromatin,nucleoplasm,nucleus,,
Tle3,ENSMUST00000160882.8,nucleoplasm,nucleus,,,
Tle3,ENSMUST00000161689.8,nucleus,,,,
Tle3,ENSMUST00000162127.2,nucleus,,,,
Tle3,ENSMUST00000162583.8,nucleoplasm,nucleus,,,
Tle3,ENSMUST00000162973.8,nucleoplasm,nucleus,,,
Tln2,ENSMUST00000040025.14,nucleoplasm,nucleus,,,
Tln2,ENSMUST00000215267.2,nucleoplasm,nucleus,,,
Tln2,ENSMUST00000215593.2,nucleus,,,,
Tln2,ENSMUST00000215784.2,nucleus,,,,
Tln2,ENSMUST00000216799.2,nucleus,,,,
Tln2,ENSMUST00000217550.2,nucleus,,,,
Tmem108,ENSMUST00000049452.15,nucleus,,,,
Tmem108,ENSMUST00000189066.2,nucleoplasm,nucleus,,,
Tmem108,ENSMUST00000189588.7,chromatin,nucleoplasm,nucleus,,
Tmem108,ENSMUST00000191069.2,nucleoplasm,nucleus,,,
Tmem132e,ENSMUST00000054245.8,nucleoplasm,nucleus,,,
Tmem132e,ENSMUST00000092852.6,nucleoplasm,nucleus,,,
Tmem132e,ENSMUST00000132477.2,nucleus,,,,
Tmem201,ENSMUST00000054459.11,chromatin,nucleoplasm,nucleus,,
Tmem201,ENSMUST00000103208.2,chromatin,nucleoplasm,nucleus,,
Tmem201,ENSMUST00000105687.9,chromatin,nucleoplasm,nucleus,,
Tmem201,ENSMUST00000139923.2,nucleoplasm,nucleus,,,
Tmem201,ENSMUST00000140889.8,nucleus,,,,
Tmtc2,ENSMUST00000061506.9,chromatin,nucleoplasm,nucleus,,
Tmtc2,ENSMUST00000130665.2,nucleus,,,,
Tmtc2,ENSMUST00000143691.2,chromatin,nucleus,,,
Tnik,ENSMUST00000159236.9,chromatin,extracellular,nucleoplasm,nucleus,
Tnik,ENSMUST00000159308.8,extracellular,,,,
Tnik,ENSMUST00000159680.9,chromatin,extracellular,nucleoplasm,,
Tnik,ENSMUST00000160307.9,chromatin,extracellular,,,
Tnik,ENSMUST00000160518.8,extracellular,,,,
Tnik,ENSMUST00000160934.8,extracellular,nucleus,,,
Tnik,ENSMUST00000161214.8,nucleus,,,,
Tnik,ENSMUST00000161234.8,nucleus,,,,
Tnik,ENSMUST00000161964.2,extracellular,,,,
Tnik,ENSMUST00000162037.9,chromatin,extracellular,,,
Tnik,ENSMUST00000162485.8,extracellular,,,,
Tnik,ENSMUST00000162777.8,extracellular,,,,
Tnik,ENSMUST00000192205.2,nucleus,,,,
Tnik,ENSMUST00000193721.2,nucleus,,,,
Tnik,ENSMUST00000195094.2,nucleus,,,,
Top2a,ENSMUST00000139730.2,extracellular,nucleus,,,
Top2a,ENSMUST00000151997.2,nucleus,,,,
Tpm1,ENSMUST00000034928.12,nucleus,,,,
Tpm1,ENSMUST00000113684.8,nucleus,,,,
Tpm1,ENSMUST00000113686.8,nucleus,,,,
Tpm1,ENSMUST00000113689.8,nucleus,,,,
Tpm1,ENSMUST00000113690.8,cytoplasm,nucleoplasm,nucleus,,
Tpm1,ENSMUST00000113695.8,cytoplasm,nucleus,,,
Tpm1,ENSMUST00000113696.8,nucleus,,,,
Tpm1,ENSMUST00000113697.8,cytoplasm,,,,
Tpm1,ENSMUST00000113705.8,cytoplasm,nucleus,,,
Tpm1,ENSMUST00000113707.9,cytoplasm,,,,
Tpm1,ENSMUST00000129733.8,cytoplasm,,,,
Tpm1,ENSMUST00000139046.8,nucleus,,,,
Trak1,ENSMUST00000045903.8,nucleus,,,,
Trak1,ENSMUST00000209446.2,nucleus,,,,
Trak1,ENSMUST00000210798.3,chromatin,nucleoplasm,nucleus,,
Trak1,ENSMUST00000211187.2,chromatin,,,,
Trak1,ENSMUST00000211301.2,nucleoplasm,nucleus,,,
Trak1,ENSMUST00000211439.2,chromatin,nucleoplasm,nucleus,,
Trak1,ENSMUST00000211699.2,nucleoplasm,nucleus,,,
Trak1,ENSMUST00000238988.2,nucleoplasm,nucleus,,,
Trio,ENSMUST00000090247.7,chromatin,extracellular,nucleoplasm,nucleus,
Trio,ENSMUST00000226117.2,nucleus,,,,
Trio,ENSMUST00000226644.2,nucleoplasm,nucleus,,,
Trio,ENSMUST00000227030.2,nucleus,,,,
Trio,ENSMUST00000227337.2,extracellular,nucleus,,,
Trio,ENSMUST00000227999.2,nucleus,,,,
Trip4,ENSMUST00000117083.2,nucleus,,,,
Trip4,ENSMUST00000119245.8,nucleus,,,,
Trip4,ENSMUST00000122410.8,nucleus,,,,
Trip4,ENSMUST00000126517.8,extracellular,,,,
Trip4,ENSMUST00000133747.8,extracellular,,,,
Trip4,ENSMUST00000134338.8,nucleus,,,,
Trip4,ENSMUST00000179395.8,extracellular,nucleus,,,
Trp53i11,ENSMUST00000090554.11,chromatin,nucleoplasm,nucleus,,
Trp53i11,ENSMUST00000111266.8,chromatin,nucleoplasm,nucleus,,
Trp53i11,ENSMUST00000127173.2,nucleus,,,,
Trp53i11,ENSMUST00000140172.8,nucleoplasm,nucleus,,,
Trp53i11,ENSMUST00000143164.2,nucleus,,,,
Trp53i11,ENSMUST00000147377.8,nucleus,,,,
Trp53i11,ENSMUST00000150462.8,nucleus,,,,
Ttyh3,ENSMUST00000042661.8,nucleoplasm,nucleus,,,
Ttyh3,ENSMUST00000197452.5,nucleoplasm,nucleus,,,
Ttyh3,ENSMUST00000198704.2,nucleus,,,,
Ttyh3,ENSMUST00000199157.2,nucleus,,,,
Txndc11,ENSMUST00000038424.14,nucleus,,,,
Txndc11,ENSMUST00000118362.8,chromatin,nucleus,,,
Txndc11,ENSMUST00000118679.2,chromatin,nucleus,,,
Txndc11,ENSMUST00000147884.2,nucleus,,,,
Tyro3,ENSMUST00000028763.10,chromatin,nucleoplasm,nucleus,,
Tyro3,ENSMUST00000110783.8,chromatin,nucleus,,,
Tyro3,ENSMUST00000147636.8,nucleus,,,,
Uap1l1,ENSMUST00000102925.4,chromatin,,,,
Uap1l1,ENSMUST00000151131.8,nucleus,,,,
Ube2c,ENSMUST00000001439.7,nucleoplasm,nucleus,,,
Ube2c,ENSMUST00000088248.13,extracellular,nucleus,,,
Uck2,ENSMUST00000053686.9,chromatin,nucleoplasm,nucleus,,
Uck2,ENSMUST00000191745.2,nucleoplasm,,,,
Uck2,ENSMUST00000192702.6,chromatin,nucleoplasm,nucleus,,
Uck2,ENSMUST00000193579.2,nucleus,,,,
Ucp2,ENSMUST00000126381.3,chromatin,nucleoplasm,nucleus,,
Ucp2,ENSMUST00000126534.8,nucleus,,,,
Ulk1,ENSMUST00000031490.11,chromatin,nucleus,,,
Ulk1,ENSMUST00000196440.5,nucleus,,,,
Ulk1,ENSMUST00000196883.2,nucleus,,,,
Unc5c,ENSMUST00000075282.10,chromatin,,,,
Unc5c,ENSMUST00000106236.9,chromatin,nucleus,,,
Unc5c,ENSMUST00000155416.5,chromatin,nucleus,,,
Unc5c,ENSMUST00000200114.2,chromatin,nucleus,,,
Ung,ENSMUST00000031587.13,chromatin,nucleoplasm,nucleus,,
Ung,ENSMUST00000102584.11,nucleoplasm,nucleus,,,
Ung,ENSMUST00000112275.8,nucleus,,,,
Ung,ENSMUST00000143455.6,nucleus,,,,
Ung,ENSMUST00000200479.2,nucleus,,,,
Usp36,ENSMUST00000092382.10,chromatin,nucleus,,,
Usp36,ENSMUST00000106296.9,chromatin,nucleus,,,
Usp36,ENSMUST00000141647.8,chromatin,nucleus,,,
Usp36,ENSMUST00000148998.2,nucleus,,,,
Usp36,ENSMUST00000151433.2,nucleus,,,,
Usp7,ENSMUST00000160326.8,chromatin,cytoplasm,nucleus,,
Usp7,ENSMUST00000160405.8,chromatin,cytoplasm,nucleus,,
Usp7,ENSMUST00000161046.9,chromatin,nucleus,,,
Vamp2,ENSMUST00000021273.13,chromatin,extracellular,nucleus,,
Vamp2,ENSMUST00000117780.2,extracellular,nucleus,,,
Vamp2,ENSMUST00000146847.2,extracellular,,,,
Vamp2,ENSMUST00000149559.2,extracellular,,,,
Vamp2,ENSMUST00000249656.1,extracellular,nucleus,,,
Vgll4,ENSMUST00000032459.14,chromatin,nucleus,,,
Vgll4,ENSMUST00000152710.8,nucleus,,,,
Vgll4,ENSMUST00000204693.2,chromatin,nucleus,,,
Wbp1l,ENSMUST00000099376.11,chromatin,nucleus,,,
Wbp1l,ENSMUST00000111855.5,nucleus,,,,
Wbp1l,ENSMUST00000132202.3,nucleus,,,,
Wbp1l,ENSMUST00000138302.9,chromatin,nucleus,,,
Wnt5a,ENSMUST00000063465.12,chromatin,cytoplasm,nucleoplasm,nucleus,
Wnt5a,ENSMUST00000112272.2,chromatin,nucleus,,,
Wscd2,ENSMUST00000094452.4,nucleus,,,,
Wscd2,ENSMUST00000138757.3,nucleus,,,,
Wscd2,ENSMUST00000180565.2,chromatin,nucleus,,,
Wscd2,ENSMUST00000181294.2,nucleus,,,,
Wscd2,ENSMUST00000181650.2,nucleus,,,,
Wscd2,ENSMUST00000198673.2,extracellular,nucleus,,,
Ypel3,ENSMUST00000038614.12,nucleoplasm,nucleus,,,
Ypel3,ENSMUST00000106356.2,nucleus,,,,
Ypel3,ENSMUST00000106357.8,chromatin,nucleoplasm,nucleus,,
Ypel3,ENSMUST00000145762.8,nucleus,,,,
Ypel3,ENSMUST00000150760.2,nucleus,,,,
Ypel3,ENSMUST00000170882.8,nucleus,,,,
Ypel3,ENSMUST00000206143.2,nucleus,,,,
Ywhaq,ENSMUST00000103002.8,cytoplasm,nucleus,,,
Ywhaq,ENSMUST00000135088.9,nucleoplasm,nucleus,,,
Ywhaq,ENSMUST00000140710.2,nucleus,,,,
Ywhaq,ENSMUST00000155480.9,nucleoplasm,nucleus,,,
Zc3h15,ENSMUST00000081591.7,chromatin,nucleoplasm,,,
Zc3h15,ENSMUST00000130948.8,nucleoplasm,,,,
Zeb1,ENSMUST00000025081.13,chromatin,,,,
Zeb1,ENSMUST00000159477.2,nucleus,,,,
Zeb1,ENSMUST00000175739.2,nucleus,,,,
Zfhx2,ENSMUST00000036328.9,extracellular,nucleoplasm,nucleus,,
Zfhx2,ENSMUST00000176665.2,extracellular,nucleus,,,
Zfhx2,ENSMUST00000188534.2,nucleus,,,,
Zfp276,ENSMUST00000001092.15,chromatin,nucleoplasm,nucleus,,
Zfp276,ENSMUST00000150356.8,nucleoplasm,nucleus,,,
Zfp276,ENSMUST00000156896.8,chromatin,nucleoplasm,nucleus,,
Zfp36,ENSMUST00000051241.7,nucleus,,,,
Zfp36,ENSMUST00000209061.2,nucleoplasm,nucleus,,,
Zhx3,ENSMUST00000103111.9,cytoplasm,nucleus,,,
Zhx3,ENSMUST00000103112.8,cytoplasm,,,,
Zhx3,ENSMUST00000133937.9,nucleus,,,,
Zswim6,ENSMUST00000224719.3,chromatin,nucleus,,,
Zswim6,ENSMUST00000225197.3,chromatin,nucleoplasm,nucleus,,
Zswim6,ENSMUST00000225822.4,nucleoplasm,nucleus,,,
