Class,Bucket,Database,Query_motif,Target,Abandance,E-value,p-value,q-value,Overlap
chromatin,positive,CISBP_RNA,9,M157_0.6,2.47%,0.00805964,8.66628e-05,0.0113929,7
chromatin,positive,CISBP_RNA,9,M049_0.6,2.47%,0.0237433,0.000255304,0.0154807,7
chromatin,positive,CISBP_RNA,9,M004_0.6,2.47%,0.0392353,0.000421885,0.0191862,7
chromatin,positive,RNA,9,RNCMPT00051,2.47%,0.000963372,0.000240843,0.00192674,7
chromatin,positive,miRBase,9,mmu-miR-669c-3p,2.47%,0.00330966,1.67324e-06,0.00300394,10
chromatin,positive,miRBase,9,mmu-miR-466i-3p,2.47%,0.0490658,2.48058e-05,0.00973257,10
chromatin,positive,miRBase,9,mmu-miR-672-3p,2.47%,0.050416,2.54884e-05,0.00973257,9
chromatin,positive,miRBase,9,mmu-miR-329-3p,2.47%,0.0739748,3.73988e-05,0.0112254,10
chromatin,positive,miRBase,9,mmu-miR-466f-3p,2.47%,0.183297,9.26679e-05,0.022244,10
chromatin,positive,miRBase,9,mmu-miR-467f,2.47%,0.386781,0.000195541,0.0401583,10
chromatin,positive,miRBase,9,mmu-miR-466m-3p,2.47%,0.498728,0.000252137,0.0491923,10
chromatin,positive,miRBase,9,mmu-miR-362-3p,2.47%,0.545343,0.000275704,0.0512287,8
chromatin,positive,miRBase,9,mmu-miR-466q,2.47%,0.669844,0.000338647,0.0533628,10
chromatin,negative,miRBase,7,mmu-miR-6988-5p,2.17%,0.048945,2.47447e-05,0.0977104,10
cytoplasm,positive,CISBP_RNA,4,M042_0.6,3.16%,0.0374018,0.00040217,0.0523899,7
cytoplasm,positive,RNA,5,RNCMPT00239,2.15%,0.018654,0.00466349,0.0373079,8
cytoplasm,positive,miRBase,5,mmu-miR-7016-5p,2.15%,0.0187939,9.50147e-06,0.0280473,8
cytoplasm,positive,miRBase,5,mmu-miR-6979-5p,2.15%,0.0847495,4.28461e-05,0.0280473,8
cytoplasm,positive,miRBase,5,mmu-miR-6929-5p,2.15%,0.0911108,4.60621e-05,0.0280473,8
cytoplasm,positive,miRBase,5,mmu-miR-30c-1-3p,2.15%,0.108316,5.47606e-05,0.0280473,8
cytoplasm,positive,miRBase,5,mmu-miR-6967-5p,2.15%,0.116968,5.91343e-05,0.0280473,8
cytoplasm,positive,miRBase,5,mmu-miR-149-3p,2.15%,0.125131,6.32612e-05,0.0280473,8
cytoplasm,positive,miRBase,5,mmu-miR-7075-5p,2.15%,0.136362,6.89395e-05,0.0280473,8
cytoplasm,positive,miRBase,5,mmu-miR-7076-5p,2.15%,0.136362,6.89395e-05,0.0280473,8
cytoplasm,positive,miRBase,5,mmu-miR-7030-5p,2.15%,0.145881,7.37516e-05,0.0280473,8
cytoplasm,positive,miRBase,5,mmu-miR-7235-5p,2.15%,0.146491,7.406e-05,0.0280473,8
cytoplasm,positive,miRBase,5,mmu-miR-1982-5p,2.15%,0.157547,7.96496e-05,0.0280473,8
cytoplasm,positive,miRBase,5,mmu-miR-6922-5p,2.15%,0.211046,0.000106697,0.0344405,8
cytoplasm,positive,miRBase,5,mmu-miR-1249-5p,2.15%,0.589404,0.00029798,0.0766701,8
cytoplasm,positive,miRBase,5,mmu-miR-30c-2-3p,2.15%,0.665581,0.000336492,0.0766701,8
cytoplasm,positive,miRBase,5,mmu-miR-6958-5p,2.15%,0.665581,0.000336492,0.0766701,8
cytoplasm,positive,miRBase,5,mmu-miR-7034-5p,2.15%,0.899801,0.000454904,0.0839075,8
cytoplasm,negative,miRBase,7,mmu-miR-140-3p,3.56%,0.00771698,3.90141e-06,0.0152175,8
cytoplasm,negative,miRBase,7,mmu-miR-12196-3p,3.56%,0.0365872,1.84971e-05,0.0179835,8
cytoplasm,negative,miRBase,7,mmu-miR-6937-3p,3.56%,0.0389492,1.96912e-05,0.0179835,8
cytoplasm,negative,miRBase,7,mmu-miR-3076-5p,3.56%,0.0455983,2.30527e-05,0.0179835,7
cytoplasm,negative,miRBase,7,mmu-miR-3057-3p,3.56%,0.0590013,2.98288e-05,0.0193912,8
cytoplasm,negative,miRBase,7,mmu-miR-497b,3.56%,0.0845186,4.27293e-05,0.0238094,8
cytoplasm,negative,miRBase,7,mmu-miR-6912-5p,3.56%,0.285231,0.000144202,0.0624956,7
cytoplasm,negative,miRBase,7,mmu-miR-3064-3p,3.56%,0.469581,0.000237402,0.0925988,8
cytoplasm,negative,miRBase,9,mmu-miR-8100,2.63%,0.00839166,4.2425e-06,0.01668,10
cytoplasm,negative,miRBase,9,mmu-miR-6942-5p,2.63%,0.0314502,1.59e-05,0.0312567,10
cytoplasm,negative,miRBase,9,mmu-miR-6916-5p,2.63%,0.072746,3.67775e-05,0.0481989,10
cytoplasm,negative,miRBase,9,mmu-miR-7093-5p,2.63%,0.235709,0.000119165,0.0826554,10
cytoplasm,negative,miRBase,9,mmu-miR-6385,2.63%,0.262414,0.000132667,0.0826554,10
cytoplasm,negative,miRBase,9,mmu-miR-7086-5p,2.63%,0.287818,0.00014551,0.0826554,10
cytoplasm,negative,miRBase,9,mmu-miR-5113,2.63%,0.332668,0.000168184,0.0826554,10
cytoplasm,negative,miRBase,9,mmu-miR-7011-5p,2.63%,0.332668,0.000168184,0.0826554,10
cytoplasm,negative,miRBase,9,mmu-miR-1249-5p,2.63%,0.414882,0.000209748,0.0916287,10
cytosol,negative,CISBP_RNA,4,M145_0.6,15.58%,0.0156237,0.000167997,0.0306399,7
cytosol,negative,miRBase,2,mmu-miR-7086-5p,3.68%,0.0653922,3.30597e-05,0.0767731,9
cytosol,negative,miRBase,9,mmu-miR-3966,6.23%,0.0220449,1.1145e-05,0.0439753,8
cytosol,negative,miRBase,9,mmu-miR-7672-3p,6.23%,0.097763,4.94252e-05,0.0975091,8
ER,positive,miRBase,2,mmu-miR-298-5p,6.47%,0.00851501,4.30486e-06,0.0169988,10
ER,positive,miRBase,2,mmu-miR-5113,6.47%,0.0709293,3.58591e-05,0.0707992,10
ER,positive,miRBase,4,mmu-miR-6990-5p,9.35%,0.0259062,1.30971e-05,0.0167969,6
ER,positive,miRBase,4,mmu-miR-7032-5p,9.35%,0.0340018,1.719e-05,0.0167969,6
ER,positive,miRBase,4,mmu-miR-7226-5p,9.35%,0.0340018,1.719e-05,0.0167969,6
ER,positive,miRBase,4,mmu-miR-6904-5p,9.35%,0.444695,0.000224821,0.0798837,6
ER,positive,miRBase,4,mmu-miR-6945-5p,9.35%,0.444695,0.000224821,0.0798837,6
ER,positive,miRBase,4,mmu-miR-6914-5p,9.35%,0.497006,0.000251267,0.0818406,6
ER,negative,CISBP_RNA,4,M307_0.6,2.63%,0.00083656,8.99527e-06,0.00165441,5
ER,negative,miRBase,4,mmu-miR-204-5p,2.63%,0.00993891,5.02473e-06,0.00698545,7
ER,negative,miRBase,4,mmu-miR-211-5p,2.63%,0.00993891,5.02473e-06,0.00698545,7
ER,negative,miRBase,4,mmu-miR-7670-3p,2.63%,0.0105945,5.35617e-06,0.00698545,7
ER,negative,miRBase,4,mmu-miR-343,2.63%,0.202694,0.000102474,0.0572768,8
extracellular,positive,RNA,6,RNCMPT00239,5.79%,0.0414631,0.0103658,0.0829261,7
extracellular,positive,miRBase,3,mmu-miR-6416-3p,6.84%,0.0306745,1.55078e-05,0.061349,9
extracellular,positive,miRBase,3,mmu-miR-186-5p,6.84%,0.0900277,4.55145e-05,0.0900277,9
extracellular,positive,miRBase,7,mmu-miR-7669-3p,10.00%,0.0374417,1.89291e-05,0.011313,6
extracellular,positive,miRBase,7,mmu-miR-6998-3p,10.00%,0.0896641,4.53307e-05,0.0132329,6
extracellular,positive,miRBase,7,mmu-miR-7085-3p,10.00%,0.0994761,5.02913e-05,0.0132329,6
extracellular,positive,miRBase,7,mmu-miR-7688-5p,10.00%,0.105051,5.31095e-05,0.0132329,6
extracellular,positive,miRBase,7,mmu-miR-6937-5p,10.00%,0.110625,5.59277e-05,0.0132329,6
extracellular,positive,miRBase,7,mmu-miR-22-3p,10.00%,0.11697,5.91355e-05,0.0132329,6
extracellular,positive,miRBase,7,mmu-miR-6928-3p,10.00%,0.11697,5.91355e-05,0.0132329,6
extracellular,positive,miRBase,7,mmu-miR-12180-3p,10.00%,0.850271,0.000429864,0.0677508,6
extracellular,negative,miRBase,7,mmu-miR-3074-5p,4.44%,0.0261276,1.32091e-05,0.0258818,9
extracellular,negative,miRBase,9,mmu-miR-1258-5p,20.00%,0.0341399,1.72598e-05,0.067877,7
extracellular,negative,miRBase,10,mmu-miR-6946-3p,4.44%,0.0755767,3.82086e-05,0.0500744,6
extracellular,negative,miRBase,10,mmu-miR-6964-3p,4.44%,0.0755767,3.82086e-05,0.0500744,6
membrane,positive,CISBP_RNA,2,M328_0.6,6.28%,0.0284478,0.00030589,0.0233051,10
membrane,positive,CISBP_RNA,2,M149_0.6,6.28%,0.0331999,0.000356988,0.0233051,7
membrane,positive,CISBP_RNA,5,M065_0.6,6.28%,0.0244599,0.00026301,0.02391,7
membrane,negative,miRBase,4,mmu-miR-6946-3p,4.23%,0.00450132,2.27569e-06,0.00893353,6
membrane,negative,miRBase,4,mmu-miR-12183-5p,4.23%,0.0727154,3.67621e-05,0.0377148,6
membrane,negative,miRBase,4,mmu-miR-1903,4.23%,0.0950166,4.80367e-05,0.0377148,6
membrane,negative,miRBase,4,mmu-miR-22-5p,4.23%,0.0950166,4.80367e-05,0.0377148,6
membrane,negative,miRBase,5,mmu-miR-6379,7.18%,0.0418316,2.11485e-05,0.0278579,8
membrane,negative,miRBase,5,mmu-miR-3090-3p,7.18%,0.0998772,5.04941e-05,0.0285058,8
mitochondrion,positive,CISBP_RNA,8,M042_0.6,4.43%,0.0217672,0.000234056,0.0169265,7
mitochondrion,positive,CISBP_RNA,10,M175_0.6,2.56%,0.0245135,0.000263586,0.048191,7
mitochondrion,positive,RNA,4,RNCMPT00239,5.45%,0.038287,0.00957174,0.0765739,7
mitochondrion,positive,RNA,10,RNCMPT00051,2.56%,0.0225476,0.00563691,0.0450952,6
mitochondrion,positive,miRBase,9,mmu-miR-1930-3p,2.21%,0.148134,7.48908e-05,0.0978371,10
mitochondrion,positive,miRBase,10,mmu-miR-7013-3p,2.56%,0.00350987,1.77445e-06,0.00701043,10
mitochondrion,negative,CISBP_RNA,4,M227_0.6,6.55%,0.00348793,3.75046e-05,0.00677379,7
mitochondrion,negative,CISBP_RNA,4,M228_0.6,6.55%,0.04092,0.00044,0.0397347,7
mitochondrion,negative,miRBase,2,mmu-miR-3087-5p,2.71%,0.0305471,1.54434e-05,0.014824,8
mitochondrion,negative,miRBase,2,mmu-miR-7087-5p,2.71%,0.0397181,2.00799e-05,0.014824,7
mitochondrion,negative,miRBase,2,mmu-miR-346-3p,2.71%,0.0425091,2.14909e-05,0.014824,7
mitochondrion,negative,miRBase,2,mmu-miR-7001-5p,2.71%,0.0453001,2.2902e-05,0.014824,7
mitochondrion,negative,miRBase,2,mmu-miR-7676-5p,2.71%,0.30422,0.000153802,0.0746645,8
mitochondrion,negative,miRBase,2,mmu-miR-124-3p,2.71%,0.676855,0.000342192,0.0949257,8
nucleolus,positive,CISBP_RNA,2,M328_0.6,7.94%,0.0453991,0.000488162,0.087064,10
nucleolus,positive,RNA,5,RNCMPT00215,2.10%,0.00486089,0.00121522,0.00972177,7
nucleolus,positive,miRBase,6,mmu-miR-7087-5p,7.59%,0.206491,0.000104394,0.0853798,7
nucleolus,positive,miRBase,6,mmu-miR-346-3p,7.59%,0.219586,0.000111014,0.0853798,7
nucleolus,positive,miRBase,6,mmu-miR-7001-5p,7.59%,0.232681,0.000117634,0.0853798,7
nucleolus,negative,miRBase,3,mmu-miR-12201-3p,15.04%,0.466736,0.000235964,0.09323,6
nucleolus,negative,miRBase,3,mmu-miR-1954,15.04%,0.466736,0.000235964,0.09323,6
nucleolus,negative,miRBase,3,mmu-miR-17-3p,15.04%,0.495903,0.00025071,0.09323,6
nucleolus,negative,miRBase,3,mmu-miR-20b-3p,15.04%,0.495903,0.00025071,0.09323,6
nucleolus,negative,miRBase,3,mmu-miR-106a-3p,15.04%,0.52507,0.000265455,0.09323,6
nucleoplasm,positive,miRBase,3,mmu-miR-12197-3p,5.13%,0.012475,6.30689e-06,0.0247395,10
nucleoplasm,positive,miRBase,3,mmu-miR-6953-5p,5.13%,0.0257605,1.30235e-05,0.0255431,10
nucleoplasm,positive,miRBase,3,mmu-miR-744-5p,5.13%,0.0611011,3.08903e-05,0.0330592,10
nucleoplasm,positive,miRBase,3,mmu-miR-5120,5.13%,0.0815979,4.12527e-05,0.0330592,10
nucleoplasm,positive,miRBase,3,mmu-miR-3104-5p,5.13%,0.0833515,4.21393e-05,0.0330592,10
nucleoplasm,positive,miRBase,3,mmu-miR-762,5.13%,0.153267,7.74858e-05,0.0477113,10
nucleoplasm,positive,miRBase,3,mmu-miR-328-5p,5.13%,0.168411,8.5142e-05,0.0477113,10
nucleoplasm,positive,miRBase,3,mmu-miR-673-3p,5.13%,0.266004,0.000134481,0.0543001,10
nucleoplasm,positive,miRBase,3,mmu-miR-7069-5p,5.13%,0.266004,0.000134481,0.0543001,10
nucleoplasm,positive,miRBase,3,mmu-miR-423-5p,5.13%,0.293168,0.000148214,0.0543001,10
nucleoplasm,positive,miRBase,3,mmu-miR-6968-5p,5.13%,0.301193,0.000152271,0.0543001,10
nucleoplasm,positive,miRBase,3,mmu-miR-7083-5p,5.13%,0.414246,0.000209427,0.0601523,10
nucleoplasm,positive,miRBase,3,mmu-miR-6921-5p,5.13%,0.492633,0.000249056,0.0601523,10
nucleoplasm,positive,miRBase,3,mmu-miR-12185-5p,5.13%,0.493781,0.000249636,0.0601523,10
nucleoplasm,positive,miRBase,3,mmu-miR-6980-5p,5.13%,0.542398,0.000274215,0.0601523,10
nucleoplasm,positive,miRBase,3,mmu-miR-7024-5p,5.13%,0.55281,0.000279479,0.0601523,10
nucleoplasm,positive,miRBase,3,mmu-miR-7115-5p,5.13%,0.564534,0.000285406,0.0601523,10
nucleoplasm,positive,miRBase,3,mmu-miR-7005-5p,5.13%,0.596267,0.000301449,0.0601523,10
nucleoplasm,positive,miRBase,3,mmu-miR-6418-5p,5.13%,0.606643,0.000306695,0.0601523,10
nucleoplasm,positive,miRBase,3,mmu-miR-7119-5p,5.13%,0.606643,0.000306695,0.0601523,10
nucleoplasm,positive,miRBase,3,mmu-miR-326-5p,5.13%,0.683178,0.000345388,0.0645155,10
nucleoplasm,positive,miRBase,3,mmu-miR-6966-5p,5.13%,0.727192,0.00036764,0.0655504,10
nucleoplasm,positive,miRBase,3,mmu-miR-3473h-5p,5.13%,0.798253,0.000403566,0.0688275,10
nucleoplasm,negative,CISBP_RNA,3,M328_0.6,7.46%,0.00173007,1.86029e-05,0.00335991,10
nucleoplasm,negative,miRBase,9,mmu-miR-6919-3p,3.87%,0.0253679,1.2825e-05,0.050384,10
nucleoplasm,negative,miRBase,9,mmu-miR-8103,3.87%,0.0615719,3.11283e-05,0.0611449,10
nucleoplasm,negative,miRBase,9,mmu-miR-712-5p,3.87%,0.142565,7.20754e-05,0.0943844,9
nucleus,positive,miRBase,3,mmu-miR-216a-3p,3.43%,0.0789294,3.99036e-05,0.0766116,7
nucleus,positive,miRBase,3,mmu-miR-6539,3.43%,0.404908,0.000204706,0.0794802,8
nucleus,positive,miRBase,4,mmu-miR-5627-3p,2.29%,0.0490455,2.47955e-05,0.0344285,8
nucleus,positive,miRBase,4,mmu-miR-7648-3p,2.29%,0.107484,5.43399e-05,0.0344285,7
nucleus,positive,miRBase,4,mmu-miR-7079-5p,2.29%,0.115016,5.81475e-05,0.0344285,7
nucleus,positive,miRBase,4,mmu-miR-7662-5p,2.29%,0.115016,5.81475e-05,0.0344285,7
nucleus,positive,miRBase,4,mmu-miR-6940-5p,2.29%,0.122547,6.19552e-05,0.0344285,7
nucleus,positive,miRBase,4,mmu-miR-762,2.29%,0.576406,0.000291409,0.094438,7
nucleus,positive,miRBase,4,mmu-miR-6911-5p,2.29%,0.6723,0.000339889,0.094438,7
nucleus,positive,miRBase,4,mmu-miR-7028-5p,2.29%,0.6723,0.000339889,0.094438,7
nucleus,positive,miRBase,5,mmu-miR-201-3p,3.20%,0.123514,6.2444e-05,0.0821709,7
ribosome,negative,miRBase,2,mmu-miR-6954-3p,9.55%,0.050557,2.55596e-05,0.0331462,7
ribosome,negative,miRBase,2,mmu-miR-7049-3p,9.55%,0.050557,2.55596e-05,0.0331462,7
ribosome,negative,miRBase,2,mmu-miR-322-5p,9.55%,0.307121,0.000155269,0.0564171,8
ribosome,negative,miRBase,2,mmu-miR-497a-5p,9.55%,0.307121,0.000155269,0.0564171,8
ribosome,negative,miRBase,2,mmu-miR-6342,9.55%,0.307121,0.000155269,0.0564171,8
ribosome,negative,miRBase,2,mmu-miR-6419,9.55%,0.307121,0.000155269,0.0564171,8
ribosome,negative,miRBase,2,mmu-miR-6947-3p,9.55%,0.41612,0.000210374,0.0564171,6
ribosome,negative,miRBase,2,mmu-miR-6991-3p,9.55%,0.41612,0.000210374,0.0564171,6
ribosome,negative,miRBase,2,mmu-miR-1907,9.55%,0.90237,0.000456203,0.0789539,8
ribosome,negative,miRBase,8,mmu-miR-6929-5p,3.45%,0.0846836,4.28127e-05,0.0557218,8
ribosome,negative,miRBase,9,mmu-miR-1893,2.39%,0.00754595,3.81494e-06,0.0150919,10
ribosome,negative,miRBase,9,mmu-miR-6936-3p,2.39%,0.0750878,3.79615e-05,0.0750878,10
